user;eventsPerDay;commitCommentEventsPerDay;createEventsPerDay;deleteEventsPerDay;downloadEventsPerDay;followEventsPerDay;forkEventsPerDay;forkApplyEventsPerDay;gistEventsPerDay;gollumEventsPerDay;issueEventsPerDay;issueCommentEventsPerDay;memberEventsPerDay;publicEventsPerDay;pullRequestEventsPerDay;pullRequestReviewEventsPerDay;pushDatesEventsPerDay;teamAddEventsPerDay;watchDatesEventsPerDay
AKumar-Designs;0.13241176380438616;0.0;0.03310294095109654;0.0;0.0;0.0;0.0;0.0;0.0;0.0;0.0;0.0;0.0;0.0;0.0;0.0;0.0;0.0;0.09930882285328961
AzizLight;9.456199228108552;0.0;1.1662645714667215;0.0;0.0;0.8510579305297697;0.8825785946234649;0.0;0.0;0.0;0.22064464865586622;0.3782479691243421;0.2521653127495614;0.0;0.18912398456217105;0.0;0.3467273050306469;0.0;5.169388911366009
eldy;5.163915467181942;0.06885220622909256;0.0;0.0;0.0;0.01721305155727314;0.0;0.0;0.0;0.0;0.0;1.4286832792536708;0.0;0.0;2.6852360429346103;0.0;0.9639308872072959;0.0;0.0
mgall;38.31511930503656;1.1880657148848546;0.29701642872121364;0.29701642872121364;0.0;0.0;0.0;0.0;0.0;0.0;10.098558576521265;15.444854293503111;0.0;0.0;5.0492792882606325;2.376131429769709;3.564197144654564;0.0;0.0
tiagoreul;0.41646708869188664;0.0;0.0;0.0;0.0;0.002570784498098066;0.0;0.0;0.0;0.0;0.0;0.0;0.0;0.0;0.0;0.0;0.4138963041937886;0.0;0.0
PuercoPop;19.470173902004632;0.0;2.336420868240556;0.0;0.0;1.4927133324870219;1.8172162308537658;0.0;0.8437075357535341;0.0;0.19470173902004634;0.3894034780400927;0.12980115934669756;0.0;0.0;0.0;3.6344324617075316;0.0;8.631777096555387
hossimo;0.2702300684405741;0.0;0.0035094814083191446;0.0;0.0;0.0035094814083191446;0.0;0.0;0.0;0.007018962816638289;0.05966118394142546;0.05966118394142546;0.0035094814083191446;0.0035094814083191446;0.0;0.0;0.12985081210780836;0.0;0.0
jgraham909;9.990075445882274;0.033300251486274246;0.26640201189019397;0.033300251486274246;0.0;0.23310176040391972;0.26640201189019397;0.0;0.0;0.0;1.4652110653960668;3.929429675380361;0.0;0.0;0.8325062871568562;0.6660050297254849;1.3986105624235183;0.0;0.8658065386431304
zanematthew;15.63618836539697;0.0;0.31272376730793944;0.0;0.0;0.0;0.052120627884656566;0.0;0.0;0.0;5.47266592788894;8.02657669423711;0.0;0.10424125576931313;0.052120627884656566;0.0;1.459377580770384;0.0;0.15636188365396972
church29;15.0399847743364;0.300799695486728;0.0;0.0;0.0;0.20053313032448533;0.10026656516224267;0.0;0.0;0.40106626064897066;3.308796650354008;6.8682597136136225;0.0;0.0;1.804798172920368;1.1029322167846694;0.8522658038790627;0.0;0.10026656516224267
skhome;0.335961422713803;0.0;0.039691644877580104;0.0;0.0;0.026933616166929356;0.03827408613195224;0.0;0.004252676236883583;0.0;0.011340469965022887;0.024098498675673635;0.032603851149440796;0.0;0.008505352473767165;0.0;0.008505352473767165;0.0;0.14175587456278607
xanthousphoenix;-0.0;-0.0;-0.0;-0.0;-0.0;-0.0;-0.0;-0.0;-0.0;-0.0;-0.0;-0.0;-0.0;-0.0;-0.0;-0.0;-0.0;-0.0;-0.0
martindale;58.28176716074255;0.0;9.130810188516334;0.0;0.0;14.181896675780687;7.188084616491581;0.0;0.19427255720247516;0.0;0.19427255720247516;0.9713627860123758;0.7770902288099006;0.0;1.9427255720247516;0.0;1.3599079004173262;0.0;22.341344078284646
bmrb;0.041849670172286954;0.0;0.025109802103372172;0.0;0.0;0.0;0.0;0.0;0.0;0.0;0.0;0.01673986806891478;0.0;0.0;0.0;0.0;0.0;0.0;0.0
williamstein92;0.7702771970358372;0.0;0.0;0.0;0.0;0.0;0.01588200406259458;0.0;0.0;0.0;0.0;0.0;0.0;0.0;0.0;0.0;0.7543951929732426;0.0;0.0
oneluiz;1.6238015056377437;0.11512025599670571;0.02423584336772752;0.0;0.0;0.02423584336772752;0.01211792168386376;0.0;0.0;0.01211792168386376;0.351419728832049;0.6119550450351199;0.0605896084193188;0.0;0.0;0.0;0.39989141556750407;0.0;0.01211792168386376
LuizArmesto;18.527360737434705;0.4940629529982588;0.6793365603726058;0.1235157382495647;0.0;0.30878934562391175;0.2470314764991294;0.0;0.0;0.0;1.6674624663691235;9.4489539760917;0.0;0.0;0.9881259059965176;0.1235157382495647;3.520198540112594;0.0;0.9263680368717353
tinyladi;0.7699656585886263;0.018405553591759993;0.10123054475467996;0.0;0.0;0.039878699448813316;0.03374351491822665;0.0;0.0;0.003067592265293332;0.042946291714106646;0.10736572928526662;0.021473145857053323;0.006135184530586664;0.018405553591759993;0.0;0.12270369061173328;0.0;0.25461015801934656
lassebunk;0.8708287195145694;0.014513811991909492;0.020319336788673287;0.0;0.0;0.008708287195145695;0.06966629756116556;0.0;0.0;0.0;0.08998563434983885;0.2728596654478984;0.0;0.0;0.05515248556925607;0.005805524796763797;0.14513811991909492;0.0;0.18867955589482338
tobami;6.014844971547834;0.0;0.0;0.0;0.0;0.0;0.14034638266944946;0.0;0.0;0.0;0.7819298463012184;3.2881152511128158;0.0;0.0;0.8220288127782039;0.060148449715478336;0.38094018153136283;0.0;0.5413360474393051
omerk;3.534388013624848;0.011781293378749494;0.3770013881199838;0.0;0.0;0.1767194006812424;0.22384457419624038;0.0;0.20028198743874137;0.05890646689374746;0.1295942271662444;0.3416575079837353;0.0;0.03534388013624848;0.1649381073024929;0.011781293378749494;1.4490990855861876;0.0;0.3534388013624848
Wolfy87;4.400070278900288;0.04400070278900288;0.014666900929667628;0.0;0.0;0.014666900929667628;0.24933731580434965;0.0;0.0;0.014666900929667628;0.4986746316086993;2.009365427364465;0.0;0.0;0.35200562231202304;0.1613359102263439;0.1613359102263439;0.0;0.8800140557800576
douglance;-0.0;-0.0;-0.0;-0.0;-0.0;-0.0;-0.0;-0.0;-0.0;-0.0;-0.0;-0.0;-0.0;-0.0;-0.0;-0.0;-0.0;-0.0;-0.0
davclark;1.1300156706841369;0.0;0.03766718902280456;0.0;0.0;0.0602675024364873;0.007533437804560912;0.0;0.0;0.0;0.1017014103615723;0.1619689127980596;0.0;0.0;0.03390047012052411;0.0;0.38797204693488696;0.0;0.339004701205241
fippo;1.8723088269392878;0.03744617653878576;0.15602573557827398;0.0;0.0;0.0;0.0;0.0;0.0;0.0;0.0;0.0;0.0;0.0;0.01872308826939288;0.0;1.6538727971297043;0.0;0.0062410294231309595
cgfmedia;-0.0;-0.0;-0.0;-0.0;-0.0;-0.0;-0.0;-0.0;-0.0;-0.0;-0.0;-0.0;-0.0;-0.0;-0.0;-0.0;-0.0;-0.0;-0.0
pcbsd-commit-bot;3.45000389323356;0.0;0.023000025954890403;0.011500012977445202;0.0;0.023000025954890403;0.0;0.0;0.0;0.0;0.0;0.0;0.0;0.0;0.046000051909780806;0.0;3.3465037764365535;0.0;0.0
leonaschmidt-speicher;1.9537197557850303;0.6512399185950102;0.0;0.0;0.0;0.0;0.0;0.0;0.0;0.0;0.0;0.0;0.0;0.0;0.0;0.0;1.3024798371900204;0.0;0.0
dxypher;0.7248643951679153;0.003918185919826569;0.1018728339154908;0.0;0.0;0.007836371839653139;0.12146376351462365;0.0;0.1018728339154908;0.019590929599132847;0.07052734655687824;0.007836371839653139;0.031345487358612555;0.0;0.003918185919826569;0.0;0.227254783349941;0.0;0.027427301438785984
jproyo;10.758329404108087;0.0;1.9364992927394558;0.10758329404108088;0.0;0.0;0.0;0.0;0.0;0.0;0.1434443920547745;0.07172219602738725;0.0;0.0;0.17930549006846813;0.0;8.283913641163227;0.0;0.035861098013693624
jbdeboer;9.041033105458837;0.24109421614556897;0.18082066210917674;0.0;0.0;0.21095743912737286;0.09041033105458837;0.0;0.0;0.0;1.0849239726550604;2.2903950533829054;0.0;0.06027355403639224;2.0493008372373365;0.3315045472001574;2.380805384437494;0.0;0.12054710807278449
hanzz;0.33674034607163333;0.0012852684964566158;0.005141073985826463;0.0025705369929132317;0.0;0.01799375895039262;0.05141073985826464;0.0;0.0;0.0;0.0025705369929132317;0.016708490453936006;0.0;0.0;0.06426342482283079;0.0;0.09896567422715942;0.0;0.07583084129094034
821;0.041065907454365266;0.0;0.0;0.0;0.0;0.020532953727182633;0.013688635818121757;0.0;0.0;0.0;0.0;0.0;0.0;0.0;0.0;0.0;0.0;0.0;0.006844317909060879
Circlepuller;1.6002297613842582;0.0;0.44806433318759226;0.0;0.0;0.0906796864784413;0.43739613477836387;0.0;0.0;0.0;0.0;0.0;0.053340992046141934;0.0;0.0;0.0;0.021336396818456775;0.0;0.549412218075262
Eallen924;1.7095383182704595;0.0;0.0888071853646992;0.0;0.0;0.06660538902352439;0.0222017963411748;0.0;0.0;0.0;0.0;0.0;0.4218341304823212;0.0;0.0;0.0;1.1100898170587399;0.0;0.0
kgn;19.77911792154436;0.19779117921544356;1.252677468364476;0.0;0.0;0.7252343237899598;1.384538254508105;0.0;0.2637215722872581;0.13186078614362906;0.5274431445745162;0.7252343237899598;0.13186078614362906;0.13186078614362906;0.32965196535907265;0.0;1.3186078614362906;0.0;12.592705076716575
dmcguinness;5.390291911185187;0.0;2.076993213484201;0.0;0.0;1.5824710197974863;0.0;0.0;0.0;0.0;0.0;0.0;1.2857577035854575;0.0;0.0;0.0;0.3461655355807001;0.0;0.09890443873734289
jacobhanshaw;7.693753010937774;0.0;0.1538750602187555;0.025645843369792583;0.0;0.0;0.0;0.0;0.0;0.0;0.025645843369792583;0.0;0.0;0.0;0.0;0.0;7.488586263979434;0.0;0.0
djhaynes;0.18865386647627788;0.0;0.00192503945383957;0.0;0.0;0.00385007890767914;0.00385007890767914;0.0;0.0;0.00192503945383957;0.03080063126143312;0.02887559180759355;0.0;0.0;0.0904768543304598;0.0;0.02695055235375398;0.0;0.0
cooljeanius;26.511904786257997;0.0;4.8605158774806325;0.17674603190838664;0.0;3.0930555583967663;2.3860714307632196;0.0;0.26511904786257995;0.0;0.0;0.08837301595419332;0.6186111116793532;0.17674603190838664;0.0;0.0;1.5907142871754798;0.0;13.255952393128998
Ledezman;Infinity;NaN;NaN;NaN;NaN;NaN;NaN;NaN;NaN;NaN;NaN;NaN;NaN;NaN;NaN;NaN;Infinity;NaN;NaN
riga;0.8898198402233057;0.0;0.21107354349483065;0.0;0.0;0.016554787725084757;0.0786352416941526;0.0;0.004138696931271189;0.0;0.0;0.0;0.020693484656355947;0.012416090793813568;0.0;0.0;0.0;0.0;0.546307994927797
jongwonk;0.012808785245346796;0.0;0.004269595081782266;0.0;0.0;0.0;0.004269595081782266;0.0;0.0;0.0;0.0;0.0;0.0;0.0;0.0;0.0;0.004269595081782266;0.0;0.0
xdavidliu;-0.0;-0.0;-0.0;-0.0;-0.0;-0.0;-0.0;-0.0;-0.0;-0.0;-0.0;-0.0;-0.0;-0.0;-0.0;-0.0;-0.0;-0.0;-0.0
hjdivad;17.849998037326603;0.5949999345775534;1.6064998233593943;0.8329999084085749;0.0;0.05949999345775535;0.4759999476620428;0.0;0.0;0.0;0.7734999149508195;1.1304998756973517;0.35699996074653206;0.05949999345775535;0.4164999542042874;0.0;11.126498776600249;0.0;0.4164999542042874
jeremyrdavis;0.04253512535366817;0.0;0.010127410798492421;0.0;0.0;0.0020254821596984844;0.024305785916381814;0.0;0.0;0.0020254821596984844;0.0;0.0;0.0020254821596984844;0.0;0.0;0.0;0.0;0.0;0.0020254821596984844
Caizzii;0.37533064539022404;0.0032637447425236873;0.011423106598832906;0.0;0.0;0.027741830311451342;0.01795059608388028;0.0;0.0016318723712618437;0.0032637447425236873;0.006527489485047375;0.006527489485047375;0.016318723712618437;0.0;0.0;0.0;0.23662149383296732;0.0;0.044060554024069776
Darklg;4.463593812963021;0.1934223985617309;0.26781562877778126;0.0;0.0;0.41660208920988195;0.431480735253092;0.0;0.05951458417284028;0.0;0.10415052230247049;0.07439323021605035;0.10415052230247049;0.02975729208642014;0.01487864604321007;0.0;0.25293698273457116;0.0;2.514491181302502
djui;4.581104640065154;0.03054069760043436;0.44284011520629823;0.5650029056080357;0.0;0.3054069760043436;0.2901366272041264;0.0;0.0;0.0;0.12216279040173744;0.1527034880021718;0.01527034880021718;0.01527034880021718;0.01527034880021718;0.01527034880021718;0.47338081280673255;0.0;2.137848832030405
verbitan;1.7902538085370518;0.03580507617074104;0.04774010156098805;0.0;0.0;0.03580507617074104;0.07161015234148208;0.0;0.0;0.01790253808537052;0.16112284276833466;0.471433502914757;0.005967512695123506;0.011935025390247012;0.2685380712805578;0.005967512695123506;0.5072385790854981;0.0;0.14918781737808764
pack3754;0.8474424816287273;0.005199033629624094;0.010398067259248188;0.005199033629624094;0.0;0.015597100888872282;0.015597100888872282;0.0;0.0;0.11957777348135416;0.005199033629624094;0.005199033629624094;0.031194201777744564;0.0;0.0;0.0;0.5978888674067708;0.0;0.036393235407368656
skogler;0.26533078544729155;0.052318746426226505;0.003737053316159036;0.001868526658079518;0.0;0.007474106632318072;0.001868526658079518;0.0;0.0;0.014948213264636145;0.003737053316159036;0.014948213264636145;0.0;0.0;0.0205537932388747;0.0;0.14013949935596384;0.0;0.003737053316159036
dwbutler;8.876277634348728;0.0;1.3018540530378135;0.0;0.0;0.739689802862394;0.739689802862394;0.0;0.029587592114495763;0.0;0.0;0.0;0.17752555268697456;0.059175184228991526;0.059175184228991526;0.0;0.029587592114495763;0.0;5.739992870212178
mgmillani;0.4651394408905482;0.0;0.0;0.0;0.0;0.058142430111318526;0.0;0.0;0.0;0.0;0.0;0.0;0.0;0.0;0.0;0.0;0.40699701077922973;0.0;0.0
olgabot;0.08226004019969822;0.0019585723857071004;0.0019585723857071004;0.0;0.0;0.013710006699949703;0.005875717157121301;0.0;0.0;0.0019585723857071004;0.0;0.0;0.005875717157121301;0.0;0.003917144771414201;0.0;0.03525430294272781;0.0;0.011751434314242602
liewegas;43.41803087839433;3.9076227790554903;2.4603550831090124;8.104699097300276;0.0;0.28945353918929556;0.14472676959464778;0.0;0.0;0.0;0.0;3.0392621614876036;0.0;0.0;5.354890475001968;6.51270463175915;13.314862802707596;0.0;0.28945353918929556
3d0c;8.809407849413505;0.029364692831378353;0.0;0.029364692831378353;0.0;0.0;0.0;0.0;0.0;0.0;1.761881569882701;4.316609846212618;0.0;0.0;0.9983995562668639;0.6753879351217021;0.9983995562668639;0.0;0.0
koenongena;0.9644111451400077;0.022502926719933515;0.03214703817133359;0.006429407634266718;0.0;0.012858815268533436;0.03857644580560031;0.0;0.0;0.04179114962273367;0.10929992978253421;0.27967923209060225;0.003214703817133359;0.0;0.07393818779406726;0.0;0.31825567789620257;0.0;0.025717630537066872
caseyli;0.6804184699593671;0.004536123133062447;0.03175286193143713;0.0;0.0;0.027216738798374683;0.04082510819756202;0.0;0.013608369399187342;0.013608369399187342;0.0771140932620616;0.22227003352005992;0.015876430965718565;0.0;0.06577378542940548;0.0;0.08845440109471772;0.0;0.07938215482859283
jaberg;49.892592335943455;0.33261728223962306;0.0;0.16630864111981153;0.0;0.16630864111981153;0.6652345644792461;0.0;0.0;0.0;1.1641604878386806;17.62871595870002;0.16630864111981153;0.0;7.483888850391518;6.652345644792461;14.801469059663226;0.0;0.6652345644792461
bstrie;172.8795245813074;61.08409868539528;0.0;0.0;0.0;0.0;0.0;0.0;0.0;1.1525301638753827;15.559157212317666;45.52494147307762;0.0;0.0;14.406627048442283;0.0;35.15216999819917;0.0;0.0
danielwestendorf;1.3917678969297074;0.0;0.1113414317543766;0.0;0.0;0.35722042687862493;0.1484552423391688;0.0;0.00927845264619805;0.0;0.0;0.0;0.0371138105847922;0.02783535793859415;0.0;0.0;0.0;0.0;0.7005231747879528
markmurray406;-0.0;-0.0;-0.0;-0.0;-0.0;-0.0;-0.0;-0.0;-0.0;-0.0;-0.0;-0.0;-0.0;-0.0;-0.0;-0.0;-0.0;-0.0;-0.0
richardanaya;0.8893486601869794;0.0029644955339565983;0.0;0.0;0.0;0.041502937475392375;0.06818339728100176;0.0;0.02668045980560938;0.0;0.02668045980560938;0.12450881242617712;0.0;0.0;0.023715964271652786;0.0;0.0;0.0;0.5751121335875801
fsp;1.293571404790887;0.0;0.03404135275765492;0.01702067637882746;0.0;0.0;0.0;0.0;0.0;0.01702067637882746;0.3574342039553767;0.5276409677436513;0.0;0.0;0.06808270551530984;0.01702067637882746;0.2553101456824119;0.0;0.0
himanshu-shekhar;1.3745971997991349;0.0;0.21077157063586735;0.0;0.0;0.3573952719477751;0.1649516639758962;0.0;0.06414786932395963;0.0;0.0;0.0;0.009163981331994232;0.02290995332998558;0.0;0.0;0.0;0.0;0.5452568892536569
RayHightower;1.3916236817627232;0.0;0.4592358149816987;0.0;0.0;0.08813616651163914;0.2319372802937872;0.0;0.2829634819584204;0.0;0.0;0.0;0.0417487104528817;0.004638745605875744;0.0;0.0;0.013916236817627234;0.0;0.26904724514079315
x0xMaximus;2.294613297903749;0.0076487109930124956;0.3518407056785748;0.0;0.0;0.4053816826296623;0.11473066489518743;0.0;0.0;0.0;0.0;0.0;0.030594843972049982;0.022946132979037488;0.0;0.0;0.1453255088672374;0.0;1.2161450478889868
luksen;0.8346664543075987;0.005564443028717324;0.022257772114869297;0.022257772114869297;0.005564443028717324;0.0;0.0;0.0;0.0;0.002782221514358662;0.15302218328972642;0.38116434746713673;0.002782221514358662;0.0;0.09181330997383585;0.0;0.14745774026100908;0.0;0.0
plus3network;0.4485704166015302;0.004508245392980202;0.029303595054371318;0.0;0.0;0.0;0.01577885887543071;0.0;0.0;0.002254122696490101;0.020287104268410912;0.004508245392980202;0.0;0.002254122696490101;0.004508245392980202;0.0;0.3178313002051043;0.0;0.04733657662629213
sverweij;47.024673439767774;0.0;4.274970312706161;11.399920833883098;0.0;0.0;0.0;0.0;0.0;1.4249901042353872;7.1249505211769355;8.549940625412322;0.0;0.0;7.1249505211769355;0.0;7.1249505211769355;0.0;0.0
gregchapple;0.15925226457024183;0.005587798756850591;0.05029018881165532;0.0;0.0;0.011175597513701181;0.011175597513701181;0.0;0.0027938993784252953;0.0;0.0;0.0;0.0;0.0;0.0;0.0;0.0027938993784252953;0.0;0.07543528321748298
fs-build-system;1.2309010488129126;0.006248228674177222;0.2561773756412661;0.05623405806759499;0.0;0.0;0.0;0.0;0.0;0.012496457348354443;0.024992914696708887;0.1749504028769622;0.0;0.024992914696708887;0.0;0.0;0.6748086968111399;0.0;0.0
mozowski;0.02150352919482944;0.0;0.0;0.0;0.0;0.0023892810216477153;0.0023892810216477153;0.0;0.0;0.0;0.0;0.0;0.0023892810216477153;0.0;0.0023892810216477153;0.0;0.009557124086590861;0.0;0.0023892810216477153
deepinit-arek;2.2418693315389153;0.0;0.7622355727232313;0.0;0.0;0.2466056264692807;0.2017682398385024;0.0;0.01494579554359277;0.0;0.052310284402574694;0.03736448885898192;0.022418693315389156;0.022418693315389156;0.05978318217437108;0.0;0.02989159108718554;0.0;0.7921271638104168
MWisBest;1.571333827204202;0.11523114732830814;0.01571333827204202;0.04714001481612606;0.0;0.010475558848028014;0.0;0.0;0.0;0.0;0.0;0.052377794240140066;0.0;0.0;0.3037912065928124;0.026188897120070033;1.0004158699866752;0.0;0.0
sbourdeauducq;1.0123071080440218;0.0;0.10123071080440219;0.0;0.0;0.20583577863561778;0.05061535540220109;0.0;0.0;0.07423585458989493;0.0033743570268134062;0.0033743570268134062;0.023620499187693843;0.0067487140536268125;0.016871785134067032;0.0;0.30706648944001996;0.0;0.2193332067428714
pagliaccio;14.833696068326567;0.2966739213665313;0.14833696068326566;0.04944565356108856;0.0;0.0;0.0;0.0;0.0;0.5439021891719741;2.0767174495657192;6.427934962941513;0.04944565356108856;0.0;1.9778261424435422;0.445010882049797;2.8184022529820476;0.0;0.0
sagikazarmark;0.026858061440146973;0.0;0.0;0.0;0.0;0.006714515360036743;0.006714515360036743;0.0;0.0;0.0;0.0;0.0;0.0;0.0;0.006714515360036743;0.0;0.006714515360036743;0.0;0.0
huangyingw;1.0275649450183377;0.0;0.1335834428523839;0.0;0.0;0.14043387581917283;0.14728430878596174;0.0;0.09933127801843931;0.0;0.0;0.0;0.0;0.0;0.0;0.0;0.0;0.0;0.50693203954238
koturn;-0.0;-0.0;-0.0;-0.0;-0.0;-0.0;-0.0;-0.0;-0.0;-0.0;-0.0;-0.0;-0.0;-0.0;-0.0;-0.0;-0.0;-0.0;-0.0
i-Hun;19.710696855261737;1.1826418113157042;0.3285116142543623;0.5913209056578521;0.0;0.0;0.0;0.0;0.0;0.0;1.9053673626753014;6.7673392536398635;0.0;0.0;0.7884278742104694;0.0;8.147088033508185;0.0;0.0
pawel-grzona;-0.0;-0.0;-0.0;-0.0;-0.0;-0.0;-0.0;-0.0;-0.0;-0.0;-0.0;-0.0;-0.0;-0.0;-0.0;-0.0;-0.0;-0.0;-0.0
powmedia;6.206854934880705;0.0;0.0;0.0;0.0;0.0413790328992047;1.2620605034257433;0.0;0.0;0.0827580657984094;0.43447984544164936;1.013786306030515;0.0;0.0;0.3724112960928423;0.0;0.0;0.0;2.9999798851923405
DenHeadless;4.348955344684912;0.0;0.20295124941862921;0.0;0.0;0.18845473160301285;0.18845473160301285;0.0;0.0;0.0;0.07248258907808186;0.07248258907808186;0.028993035631232747;0.014496517815616373;0.18845473160301285;0.0;0.20295124941862921;0.0;3.189233919435602
diegoberaldin;6.371454311485947;0.12742908622971896;0.02123818103828649;0.10619090519143246;0.0;0.0;0.0;0.0;0.0;0.0;0.7008599742634543;0.44600180180401633;0.0;0.0;0.06371454311485948;0.0;4.90601981984418;0.0;0.0
borismo;78.01354401805868;0.0;0.0;0.0;0.0;39.00677200902934;0.0;0.0;0.0;0.0;0.0;0.0;0.0;0.0;0.0;0.0;0.0;0.0;39.00677200902934
matelakat;47.20056232768699;0.0;29.264348643165935;0.0;0.0;0.0;0.0;0.0;0.0;0.0;0.0;0.0;0.0;0.0;0.0;0.0;17.936213684521057;0.0;0.0
Khaous;52.75798900875229;0.0;0.0;0.0;0.0;0.0;0.0;0.0;0.0;0.0;0.0;0.0;0.0;0.0;0.0;0.0;52.75798900875229;0.0;0.0
fvisticot;0.29302682947418757;0.018314176842136723;0.0;0.0;0.0;0.0;0.0;0.0;0.0;0.0;0.07554597947381399;0.11675287736862161;0.0;0.0;0.03433908157900636;0.0;0.04349617000007472;0.0;0.004578544210534181
jmeosbn;0.8632515033964551;0.0;0.14387525056607584;0.005755010022643034;0.0;0.07481513029435943;0.048917585192465786;0.0;0.011510020045286068;0.06330511024907337;0.023020040090572135;0.06618261526039489;0.0172650300679291;0.00863251503396455;0.03740756514717972;0.0;0.09208016036228854;0.0;0.27048547106422255
dctrwatson;1.0378931921414187;0.0;0.19719970650686958;0.0069192879476094584;0.0;0.03459643973804729;0.010378931921414187;0.0;0.0;0.0;0.03459643973804729;0.03805608371185202;0.0;0.027677151790437834;0.06573323550228985;0.0069192879476094584;0.5985184074682182;0.0;0.017298219869023645
paraschas;4.8118853568313735;0.17643579641715038;0.0;0.0;0.0;0.0;0.0;0.0;0.0;0.0;0.609505478531974;1.058614778502902;0.0;0.0;2.6465369462572554;0.06415847142441831;0.25663388569767326;0.0;0.0
chrisspen;2.5279439233377596;0.0;0.0337059189778368;0.0;0.0;0.15167663540026557;0.2022355138670208;0.0;0.0;0.0;0.0252794392333776;0.0084264797444592;0.0168529594889184;0.0;0.0084264797444592;0.0;0.0;0.0;2.081340496881422
DmitriyH;-0.0;-0.0;-0.0;-0.0;-0.0;-0.0;-0.0;-0.0;-0.0;-0.0;-0.0;-0.0;-0.0;-0.0;-0.0;-0.0;-0.0;-0.0;-0.0
CarlaMunoz;4.94387217343836;0.0;0.0;0.0;0.0;0.0;0.0;0.0;0.0;0.0988774434687672;0.0;0.0;0.1977548869375344;0.0;0.5932646608126032;3.5595879648756195;0.494387217343836;0.0;0.0
mihdan;4.271564023608961;0.17086256094435845;0.014238546745363203;0.0;0.0;0.0;0.0;0.0;0.0;0.0;0.5410647763238018;1.737102702934311;0.0;0.0;0.4413949491062593;0.3417251218887169;1.0251753656661506;0.0;0.0
mlg9000;0.679373973260631;0.0;0.040996705282969115;0.0;0.0;0.0;0.0;0.0;0.0;0.0;0.0;0.20498352641484557;0.0;0.0;0.11713344366562604;0.0;0.3162602978971903;0.0;0.0
pogsdbest;0.2949267479103382;0.0;0.0;0.0;0.0;0.0;0.0;0.0;0.0;0.0;0.0;0.0;0.0;0.0;0.0;0.0;0.2654340731193044;0.0;0.02949267479103382
justinxreese;7.690221728792701;0.025634072429309002;0.6408518107327251;0.15380443457585402;0.0;0.20507257943447202;0.15380443457585402;0.0;0.0;0.0;0.17943850700516303;0.10253628971723601;0.10253628971723601;0.0;1.102265114460287;0.0;4.075817516260131;0.0;0.8202903177378881
tscoltrane;-0.0;-0.0;-0.0;-0.0;-0.0;-0.0;-0.0;-0.0;-0.0;-0.0;-0.0;-0.0;-0.0;-0.0;-0.0;-0.0;-0.0;-0.0;-0.0
PortableStorage;-0.0;-0.0;-0.0;-0.0;-0.0;-0.0;-0.0;-0.0;-0.0;-0.0;-0.0;-0.0;-0.0;-0.0;-0.0;-0.0;-0.0;-0.0;-0.0
ThePublicTheater;-0.0;-0.0;-0.0;-0.0;-0.0;-0.0;-0.0;-0.0;-0.0;-0.0;-0.0;-0.0;-0.0;-0.0;-0.0;-0.0;-0.0;-0.0;-0.0
thunder990;-0.0;-0.0;-0.0;-0.0;-0.0;-0.0;-0.0;-0.0;-0.0;-0.0;-0.0;-0.0;-0.0;-0.0;-0.0;-0.0;-0.0;-0.0;-0.0
rach7110;3.8061030427999705;0.0;0.3844548528080778;0.0;0.0;0.49979130865050114;0.0;0.0;0.0;0.15378194112323113;0.9226916467393868;0.8073551908969634;0.30756388224646225;0.0;0.0;0.0;0.6535732497737323;0.0;0.07689097056161556
DayS;10.301035031467435;0.06867356687644957;0.8240828025173949;0.0;0.0;0.10301035031467436;0.4120414012586974;0.0;0.0;0.0;2.3005644903610607;3.845719745081176;0.06867356687644957;0.0;0.3433678343822479;0.2060207006293487;0.961429936270294;0.0;1.1674506368996427
mreiferson;11.085521462159752;0.03695173820719917;0.4434208584863901;0.03695173820719917;0.0;0.36951738207199175;0.2586621674503942;0.0;0.0;1.478069528287967;0.5173243349007884;1.884538648567158;0.03695173820719917;0.03695173820719917;1.1085521462159753;0.849889978765581;1.5889247429095645;0.0;2.4388147216751457
bradpsheehan;7.240148635335332;0.0;1.8341709876182843;0.16893680149115775;0.0;0.5792118908268266;1.4238958982826153;0.0;0.24133828784451108;0.0;0.024133828784451108;0.048267657568902216;0.5550780620423755;0.0;0.3378736029823155;0.0;1.110156124084751;0.0;0.9170854938091422
brianguertin;28.859675395456605;0.19239783596971072;0.0;0.0;0.0;0.0;0.09619891798485536;0.0;0.0;0.0;4.425150227303346;15.295627959592;0.0;0.0;3.847956719394214;1.346784851787975;3.6555588834245034;0.0;0.0
porduna;6.403729975064488;0.0;0.36287803192032103;0.08538306633419318;0.0;0.23480343241903123;0.25614919900257954;0.0;0.0;0.0;0.19211189925193464;0.5549899311722557;0.12807459950128977;0.08538306633419318;0.08538306633419318;0.0;2.4974546902751507;0.0;1.9211189925193466
chrisballinger;17.5391704757297;0.0;1.403133638058376;0.0;0.0;2.3385560634306266;1.403133638058376;0.0;2.455483866602158;0.0;0.8184946222007193;1.1692780317153133;0.05846390158576567;0.0;0.0;0.0;2.455483866602158;0.0;5.437142847476207
gigimoi;1.0787404356987673;0.0;0.007191602904658449;0.0;0.0;0.0;0.0035958014523292245;0.0;0.0;0.16900266825947355;0.06112862468959682;0.028766411618633796;0.0;0.0;0.021574808713975345;0.0;0.7874805180601001;0.0;0.0
anthonygreen;0.1645245390777914;0.0;0.012339340430834355;0.0;0.0;0.012339340430834355;0.010282783692361963;0.0;0.012339340430834355;0.045244248246392636;0.012339340430834355;0.03496146455403067;0.0020565567384723924;0.0020565567384723924;0.00822622695388957;0.0;0.00822622695388957;0.0;0.004113113476944785
yaoshengzhe;0.09583957908936439;0.0;0.0070126521284900765;0.0;0.0;0.0070126521284900765;0.0;0.0;0.0;0.0;0.004675101418993384;0.030388159223456997;0.0;0.0;0.0070126521284900765;0.0;0.037400811351947075;0.0;0.002337550709496692
mamantoha;4.779188404567886;0.015930628015226288;0.20709816419794175;0.0;0.0;0.49384946847201494;0.07965314007613145;0.0;0.0;0.0;0.3186125603045258;0.5735026085481464;0.0;0.0;0.031861256030452575;0.0;0.2708206762588469;0.0;2.580761738466659
jschrewe;0.8653238878601668;0.0057688259190677785;0.0057688259190677785;0.0;0.0;0.014422064797669446;0.12691417021949114;0.0;0.0;0.0;0.12402975725995724;0.2942101218724567;0.0;0.0;0.07211032398834724;0.0;0.028844129595338892;0.0;0.19325566828877058
programmingthomas;5.95890288137783;0.258219124859706;0.03972601920918554;0.0;0.0;0.03972601920918554;0.15890407683674215;0.0;0.0;0.11917805762755662;0.6554793169515614;1.2712326146939372;0.0;0.0;0.27808213446429875;0.4171232016964482;1.986300960459277;0.0;0.7349313553699325
owainlewis;42.74025729898723;0.0;3.1342855352590635;0.5698700973198297;0.0;1.709610291959489;1.5671427676295318;0.0;0.0;0.0;1.994545340619404;2.8493504865991484;0.28493504865991487;0.5698700973198297;1.5671427676295318;0.0;3.1342855352590635;0.0;25.359219330732422
guyromm;0.3846470390028239;0.0025643135933521594;0.05897921264709966;0.0;0.0;0.015385881560112957;0.012821567966760797;0.0;0.0;0.0;0.0;0.0;0.003846470390028239;0.0;0.0012821567966760797;0.0;0.2333525369950465;0.0;0.056414899053747504
AndersMalmgren;0.7941717840753544;0.0052944785605023624;0.015883435681507088;0.0;0.0;0.02117791424200945;0.07147546056678189;0.0;0.0;0.0052944785605023624;0.09794785336929371;0.26207668874486695;0.0;0.0;0.06618098200627953;0.0;0.14295092113356378;0.0;0.10588957121004725
pestefo;6.074213674057975;0.28346330478937215;0.18222641022173924;0.020247378913526584;0.0;0.020247378913526584;0.04049475782705317;0.0;0.0;0.0;0.6276687463193241;1.8222641022173927;0.0;0.0;0.8098951565410634;0.0;2.0247378913526584;0.0;0.242968546962319
cuteharvey;-0.0;-0.0;-0.0;-0.0;-0.0;-0.0;-0.0;-0.0;-0.0;-0.0;-0.0;-0.0;-0.0;-0.0;-0.0;-0.0;-0.0;-0.0;-0.0
taldcroft;37.257920542309726;0.0;0.12419306847436576;0.0;0.0;0.12419306847436576;0.12419306847436576;0.0;0.0;0.0;2.483861369487315;23.47248994165513;0.0;0.0;3.8499851227053385;4.843529670500264;2.2354752325385836;0.0;0.0
carlosasouza;0.2810971614249861;0.0;0.04099333604114381;0.002928095431510272;0.0;0.0;0.0;0.0;0.0;0.002928095431510272;0.002928095431510272;0.008784286294530815;0.02928095431510272;0.002928095431510272;0.0;0.0;0.19032620304816766;0.0;0.0
famished-tiger;0.7152136314420274;0.0;0.02384045438140091;0.0;0.0;0.02384045438140091;0.11920227190700457;0.0;0.0;0.0;0.0;0.0;0.0;0.0;0.0;0.0;0.0;0.0;0.548330450772221
botsofbitcoin;-0.0;-0.0;-0.0;-0.0;-0.0;-0.0;-0.0;-0.0;-0.0;-0.0;-0.0;-0.0;-0.0;-0.0;-0.0;-0.0;-0.0;-0.0;-0.0
jrcarr;-0.0;-0.0;-0.0;-0.0;-0.0;-0.0;-0.0;-0.0;-0.0;-0.0;-0.0;-0.0;-0.0;-0.0;-0.0;-0.0;-0.0;-0.0;-0.0
leonid-shevtsov;1.396196205642895;0.0;0.037231898817143866;0.0;0.0;0.060501835577858785;0.1908134814378623;0.0;0.18150550673357635;0.0;0.04653987352142983;0.0558478482257158;0.004653987352142983;0.01396196205642895;0.032577911465000886;0.0;0.037231898817143866;0.0;0.7353300016385914
YaroslavGaponov;3.211762186853187;0.0;0.3961173363785597;0.0;0.0;0.14988223538648204;0.17129398329883663;0.0;0.0;0.0;0.2890585968167868;0.9314110341874242;0.02141174791235458;0.0;0.11776461351795019;0.0;0.35329384055385055;0.0;0.7815287988009422
supahgreg;6.591441501465273;0.02197147167155091;0.28562913173016186;0.0;0.0;0.28562913173016186;0.37351501841636553;0.0;0.0;0.37351501841636553;1.274345356949953;2.241090110498193;0.02197147167155091;0.02197147167155091;0.04394294334310182;0.0;0.7250585651611801;0.0;0.9228018102051383
paly-ch;47.80647231761794;0.31870981545078625;4.143227600860222;0.7967745386269657;0.0;0.0;0.0;0.0;0.0;0.15935490772539312;0.0;0.7967745386269657;0.0;0.4780647231761794;5.896131585839546;3.1870981545078627;32.03033645280402;0.0;0.0
Jabro;0.871139715921742;0.00871139715921742;0.0319417895837972;0.0;0.0;0.0435569857960871;0.020326593371507315;0.0;0.0;0.0029037990530724734;0.06969117727373936;0.33974448920947936;0.011615196212289894;0.0;0.06969117727373936;0.0029037990530724734;0.24101532140501528;0.0;0.029037990530724735
tgezginis;0.5828645129007828;0.0;0.050371007287721974;0.0;0.0;0.050371007287721974;0.021587574551880845;0.0;0.007195858183960281;0.0;0.04317514910376169;0.06476272365564253;0.0;0.0;0.028783432735841125;0.0;0.08635029820752338;0.0;0.230267461886729
kissen;-0.0;-0.0;-0.0;-0.0;-0.0;-0.0;-0.0;-0.0;-0.0;-0.0;-0.0;-0.0;-0.0;-0.0;-0.0;-0.0;-0.0;-0.0;-0.0
mikerobeson;0.7529372395438455;0.0;0.0;0.0;0.0;0.1505874479087691;0.6023497916350764;0.0;0.0;0.0;0.0;0.0;0.0;0.0;0.0;0.0;0.0;0.0;0.0
cobbzilla;0.8055446025140852;0.00309824847120802;0.1270281873195288;0.08055446025140851;0.0;0.00929474541362406;0.00309824847120802;0.0;0.0;0.0;0.00929474541362406;0.00309824847120802;0.0;0.015491242356040099;0.05267022401053634;0.00309824847120802;0.4368530344403308;0.0;0.061964969424160396
Joncom;0.430909670425543;0.004658482923519384;0.02562165607935661;0.0;0.0;0.07220648531455046;0.032609380464635684;0.0;0.02329241461759692;0.006987724385279076;0.018633931694077534;0.04425558777343415;0.002329241461759692;0.002329241461759692;0.004658482923519384;0.0;0.04192634631167445;0.0;0.15140069501437997
davidtinker;0.3708570298490304;0.014615055363508588;0.009134409602192868;0.0;0.0;0.003653763840877147;0.020095701124824308;0.0;0.0;0.0;0.05846022145403435;0.14980431747596304;0.0;0.0;0.03836452032921004;0.0;0.040191402249648615;0.0;0.03653763840877147
johncowie;89.06022904146867;0.5937348602764578;17.218310948017276;8.312288043870408;0.0;0.0;0.0;0.0;0.0;0.0;1.1874697205529157;7.124818323317494;0.0;0.0;16.624576087740817;2.078072010967602;35.9209590467257;0.0;0.0
ypodo;2.4766791325546;0.0;0.008255597108515334;0.0;0.0;0.0;0.0;0.0;0.0;0.0;0.9989272501303553;1.0484608327814473;0.0;0.0;0.0;0.0;0.421035452534282;0.0;0.0
scvalex;3.305772897228086;0.0;0.24242334579672634;0.022038485981520577;0.0;0.022038485981520577;0.15426940187064403;0.0;0.0;0.011019242990760288;0.0;0.0;0.04407697196304115;0.0;0.0;0.0;2.6997145327362704;0.0;0.11019242990760288
SuperEliet;2.0046481231559286;0.0;1.3364320821039524;0.0;0.0;0.0;0.6682160410519762;0.0;0.0;0.0;0.0;0.0;0.0;0.0;0.0;0.0;0.0;0.0;0.0
AjayNathan;267.4922600619195;0.0;0.0;0.0;0.0;0.0;0.0;0.0;0.0;0.0;0.0;0.0;66.87306501547988;0.0;0.0;0.0;200.61919504643964;0.0;0.0
vanetix;15.648932618425048;0.052163108728083496;1.6692194792986719;0.0;0.0;1.6692194792986719;0.9910990658335864;0.0;0.41730486982466797;0.10432621745616699;1.7213825880267555;2.5559923276760914;0.1564893261842505;0.0;0.521631087280835;0.0;1.4605670443863379;0.0;4.3295380244309305
stoned;69.5762345621019;1.159603909368365;0.0;0.0;0.0;0.0;0.0;0.0;0.0;0.0;5.102257201220806;42.44150308288216;0.0;0.0;13.915246912420379;0.463841563747346;6.493781892462843;0.0;0.0
herry13;0.8672233245601694;0.0057814888304011285;0.05492414388881072;0.0;0.0;0.008672233245601693;0.04625191064320903;0.0;0.0;0.02601669973680508;0.09539456570161862;0.3989227292976779;0.0;0.0;0.0896130768712175;0.04625191064320903;0.0896130768712175;0.0;0.0057814888304011285
oleiman;1.2117546137507418;0.0047519788774538895;0.19483113397560947;0.0950395775490778;0.0;0.0;0.0475197887745389;0.0;0.0;0.038015831019631116;0.014255936632361669;0.05227176765199278;0.0047519788774538895;0.038015831019631116;0.19958311285306335;0.1473113452010706;0.3088786270345028;0.0;0.06652770428435445
hunner;22.872794787261828;0.07624264929087277;0.6861838436178549;0.30497059716349106;0.0;0.07624264929087277;0.30497059716349106;0.0;0.0;0.0;1.1436397393630915;8.234206123414259;0.15248529858174553;0.0;5.108257502488475;2.287279478726183;3.202191270216656;0.0;1.296125037944837
nlhepler;0.8753277624619809;0.046684147331305645;0.05835518416413206;0.014588796041033015;0.0;0.014588796041033015;0.023342073665652822;0.0;0.0;0.002917759208206603;0.05251966574771885;0.07586173941337167;0.0;0.0;0.2188319406154952;0.0;0.32970679052734614;0.0;0.026259832873859426
alextp;0.47333142637256614;0.03944428553104718;0.02366657131862831;0.0;0.0;0.04417759979477284;0.025244342739870196;0.0;0.006311085684967549;0.04733314263725662;0.0;0.07099971395588492;0.007888857106209436;0.0015777714212418872;0.026822114161112083;0.0015777714212418872;0.1341105708055604;0.0;0.04417759979477284
strzalek;2.9014367820916873;0.06770019158213937;0.0;0.0;0.0;0.058028735641833744;0.0;0.0;0.0;0.09671455940305625;0.17408620692550122;1.5280900385682885;0.0;0.0;0.4932442529555868;0.13540038316427874;0.32882950197039124;0.0;0.019342911880611248
dalejung;131.00701534480316;0.8733801022986878;0.8733801022986878;0.4366900511493439;0.0;0.0;0.0;0.0;0.0;0.8733801022986878;8.297110971837535;94.32505104825829;0.0;0.0;10.480561227584253;1.7467602045973756;12.664011483330974;0.0;0.4366900511493439
sohel364;-0.0;-0.0;-0.0;-0.0;-0.0;-0.0;-0.0;-0.0;-0.0;-0.0;-0.0;-0.0;-0.0;-0.0;-0.0;-0.0;-0.0;-0.0;-0.0
santheo;41.72743868867661;0.0;6.815481652483846;0.8345487737735321;0.0;0.1390914622955887;1.1127316983647095;0.0;0.0;0.0;0.0;0.0;0.0;0.0;0.6954573114779434;0.0;31.434670478803042;0.0;0.6954573114779434
amezhenin;3.4342151705395216;0.0;0.42355320436654104;0.0;0.0;0.32052674925035535;0.6181587306971139;0.0;0.0;0.0;0.0;0.0;0.057236919508992026;0.034342151705395216;0.0;0.0;0.0;0.0;1.9803974150111243
mikeymicrophone;15.49227418456367;0.0;1.0328182789709113;0.0;0.0;0.6196909673825468;1.4975865045078214;0.0;0.10328182789709113;0.0;0.0;0.0;0.6196909673825468;0.0;0.0;0.0;0.0;0.0;11.619205638422752
JoostvanPinxten;0.9691291970360799;0.0;0.05451351733327949;0.0;0.0;0.0;0.0;0.0;0.0;0.030285287407377497;0.04239940237032849;0.22411112681459347;0.0;0.0;0.012114114962950999;0.0;0.60570574814755;0.0;0.0
enrique7mc;-0.0;-0.0;-0.0;-0.0;-0.0;-0.0;-0.0;-0.0;-0.0;-0.0;-0.0;-0.0;-0.0;-0.0;-0.0;-0.0;-0.0;-0.0;-0.0
ascari-smith;0.3408952998594672;0.00410717228746346;0.01642868914985384;0.00410717228746346;0.0;0.0;0.0;0.0;0.0;0.0;0.0;0.0;0.09446496261165958;0.0;0.00410717228746346;0.0;0.2176801312355634;0.0;0.0
IanWhitney;0.17616449705495718;0.0;0.03284422826448354;0.0;0.0;0.0029858389331348673;0.008957516799404602;0.0;0.0;0.0;0.008957516799404602;0.008957516799404602;0.0029858389331348673;0.0029858389331348673;0.0029858389331348673;0.0;0.08658932906091116;0.0;0.017915033598809204
wlandau;0.09062937662450989;0.0;0.0;0.0;0.0;0.007348327834419721;0.0;0.0;0.0;0.0;0.0;0.0;0.0;0.0;0.0;0.0;0.08328104879009017;0.0;0.0
lightstrike;0.8746583829678907;0.0;0.02915527943226302;0.0;0.0;0.008746583829678906;0.04081739120516823;0.0;0.0;0.002915527943226302;0.005831055886452604;0.154522980990994;0.02623975148903672;0.0;0.020408695602584116;0.011662111772905208;0.5247950297807343;0.0;0.049563975034847135
bikesharebot;3.477614712985324;0.0;0.0;0.0;0.0;0.2675088240757942;1.3375441203789709;0.0;0.0;0.0;0.2675088240757942;0.2675088240757942;0.0;0.0;0.0;0.0;0.0;0.0;1.3375441203789709
MKaoskat;-0.0;-0.0;-0.0;-0.0;-0.0;-0.0;-0.0;-0.0;-0.0;-0.0;-0.0;-0.0;-0.0;-0.0;-0.0;-0.0;-0.0;-0.0;-0.0
JordanMatuschka;0.329444147592106;0.0;0.005536876430119428;0.0;0.0;0.013842191075298571;0.002768438215059714;0.0;0.0;0.0;0.10520065217226914;0.022147505720477714;0.002768438215059714;0.0;0.011073752860238857;0.0;0.07197939359155257;0.0;0.09412689931203028
jackandking;0.4944828533492056;0.0;0.0;0.0;0.0;0.2472414266746028;0.2472414266746028;0.0;0.0;0.0;0.0;0.0;0.0;0.0;0.0;0.0;0.0;0.0;0.0
mechanoid;1.3184642577158137;0.008789761718105424;0.10108225975821238;0.008789761718105424;0.0;0.0351590468724217;0.030764166013368982;0.0;0.0;0.01757952343621085;0.19337475779831934;0.290062136697479;0.05273857030863254;0.013184642577158135;0.057133451167685256;0.0;0.290062136697479;0.0;0.21974404295263558
raejin;30.40216005470512;0.0;0.9120648016411537;0.0;0.0;1.4187674692195724;0.40536213406273497;0.0;0.0;0.0;3.2428970725018798;10.944777619693845;0.0;0.0;0.9120648016411537;0.10134053351568374;1.216086402188205;0.0;11.046118153209529
tiagobsbraga;4.901513058504437;0.0;0.9966409885625689;0.016338376861681457;0.0;0.4084594215420364;0.44113617526539933;0.0;0.032676753723362914;0.0;0.06535350744672583;0.24507565292522185;0.14704539175513312;0.0;0.16338376861681456;0.0;0.22873727606354038;0.0;2.1566657457419525
razagilani;11.61431859079601;0.038714395302653366;0.8517166966583741;0.8130023013557207;0.0;0.3484295577238803;0.0;0.0;0.0;0.2322863718159202;3.91015392556799;1.2775750449875611;0.0;0.038714395302653366;1.6647189980140948;0.0;2.206720532251242;0.0;0.2322863718159202
goatiie;-0.0;-0.0;-0.0;-0.0;-0.0;-0.0;-0.0;-0.0;-0.0;-0.0;-0.0;-0.0;-0.0;-0.0;-0.0;-0.0;-0.0;-0.0;-0.0
zmsaunders;0.8731751204245598;0.014552918673742664;0.026195253612736794;0.0;0.0;0.06985400963396478;0.07858576083821038;0.0;0.011642334938994131;0.11642334938994131;0.03492700481698239;0.18045619155440903;0.02037408614323973;0.002910583734748533;0.014552918673742664;0.008731751204245597;0.014552918673742664;0.0;0.2794160385358591
paluka;4.016000166093834;0.01338666722031278;0.21418667552500448;0.01338666722031278;0.0;0.08032000332187668;0.05354666888125112;0.0;0.0;0.06693333610156389;0.7630400315578284;0.6024000249140751;0.01338666722031278;0.04016000166093834;0.0;0.0;1.3520533892515907;0.0;0.8032000332187668
zenorocha;43.20043200432004;0.0;3.4560345603456035;0.14400144001440016;0.0;5.616056160561605;3.3120331203312032;0.0;5.472054720547206;0.0;0.2880028800288003;1.2960129601296013;0.8640086400864009;0.0;1.5840158401584017;0.0;3.7440374403744037;0.0;17.424174241742417
zachwaugh;4.909984563478314;0.0;0.49099845634783146;0.0;0.0;0.5728315324058034;0.3600655346550764;0.0;0.0;0.0;0.08183307605797191;0.09819969126956629;0.08183307605797191;0.016366615211594382;0.032733230423188764;0.0;0.39279876507826517;0.0;2.782324585971045
boneskull;7.508175133978345;0.025027250446594485;0.1751907531261614;0.07508175133978345;0.0;0.05005450089318897;0.025027250446594485;0.0;0.0;0.0;1.3264442736695077;3.453760561630039;0.0;0.0;1.1262262700967518;0.20021800357275588;0.9009810160774014;0.0;0.12513625223297242
dkuzminov;11.962228111914193;6.9820351836886925;0.0;0.0;0.0;0.0;0.0;0.0;0.0;0.0;1.0253338381640738;0.8300321547042502;0.0;0.0;0.09765084172991179;0.04882542086495589;2.9783506727623092;0.0;0.0
rdmpage;9.075436413998162;0.0;0.7865378225465073;0.06050290942665441;0.0;0.6655320036931985;0.27226309241994484;0.0;0.0;1.0285494602531249;1.1193038243931066;1.7545843733729778;0.06050290942665441;0.0;0.21176018299329044;0.0;1.1798067338197609;0.0;1.936093101652941
idleberg;1.0034182806396792;0.01672363801066132;0.11706546607462924;0.0;0.0;0.10034182806396792;0.05017091403198396;0.0;0.0;0.0;0.01672363801066132;0.11706546607462924;0.06689455204264529;0.0;0.1505127420959519;0.0;0.28430184618124243;0.0;0.0836181900533066
enapps;0.16064741706487004;0.0;0.003312317877626186;0.001656158938813093;0.0;0.003312317877626186;0.0;0.0;0.0;0.0;0.049684768164392795;0.059621721797271356;0.0;0.0;0.024842384082196398;0.0;0.013249271510504744;0.0;0.004968476816439279
dltj;18.44276729738749;0.0;2.3975597486603735;0.12295178198258326;0.0;0.0;0.0;0.0;0.0;0.36885534594774977;0.12295178198258326;1.4139454927997075;0.0;0.0;5.409878407233664;0.18442767297387488;8.299245283824371;0.0;0.0
whadar;1.4223729274141474;0.0;0.08060113255346835;0.0;0.0;0.10430734801037081;0.17542599438107817;0.0;0.03792994473104393;0.0;0.16594350819831719;0.14697853583279522;0.02844745854828295;0.0;0.023706215456902456;0.0;0.24180339766040507;0.0;0.41722939204148324
Tuhkah;Infinity;NaN;NaN;NaN;NaN;Infinity;NaN;NaN;NaN;NaN;NaN;NaN;NaN;NaN;NaN;NaN;NaN;NaN;NaN
daacevedob;-0.0;-0.0;-0.0;-0.0;-0.0;-0.0;-0.0;-0.0;-0.0;-0.0;-0.0;-0.0;-0.0;-0.0;-0.0;-0.0;-0.0;-0.0;-0.0
FHedin;1.4626456745500516;0.0;0.028679326951961796;0.0;0.0;0.0;0.0;0.0;0.0;0.9177384624627775;0.0;0.028679326951961796;0.028679326951961796;0.0;0.05735865390392359;0.0;0.40151057732746515;0.0;0.0
lsdr;6.241400616530947;0.0;0.5617260554877852;0.020804668721769823;0.0;0.4785073806007059;0.4368980431571663;0.0;0.041609337443539646;0.0;0.0;0.0;0.12482801233061894;0.0;0.0;0.0;0.6241400616530947;0.0;3.9528870571362664
allbombs;0.47896704034576315;0.0;0.022672995992698848;0.0;0.0;0.039677742987222986;0.04251186748631034;0.0;0.014170622495436781;0.0;0.008502373497262069;0.011336497996349424;0.0;0.0;0.0;0.0;0.10486260646623217;0.0;0.23523233342425054
dartemyev;Infinity;NaN;NaN;NaN;NaN;Infinity;NaN;NaN;NaN;NaN;NaN;NaN;NaN;NaN;NaN;NaN;NaN;NaN;NaN
bitboxer;5.44481994282939;0.0362987996188626;0.19964339790374433;0.0362987996188626;0.0;0.19964339790374433;0.1633445982848817;0.0;0.0;0.0181493998094313;0.3266891965697634;2.413870174654363;0.1088963988565878;0.0;0.2177927977131756;0.0181493998094313;1.0345157891375842;0.0;0.6715277929489581
jt-zoovy;7.882257561280599;0.0;0.02627419187093533;0.02627419187093533;0.0;0.0;0.0;0.0;0.0;0.0;0.0;0.0;0.07882257561280599;0.0;0.0;0.0;7.750886601925922;0.0;0.0
5sw;0.8370001333968963;0.005580000889312642;0.09207001467365859;0.002790000444656321;0.0;0.0;0.04464000711450113;0.0;0.022320003557250567;0.002790000444656321;0.0530100084484701;0.3096900493568516;0.002790000444656321;0.0;0.10044001600762756;0.10881001734159651;0.07533001200572066;0.0;0.016740002667937924
orarbel;11.848547044491477;0.07899031362994317;0.19747578407485794;0.0;0.0;0.23697094088982953;0.03949515681497159;0.0;0.0;0.0;2.330214252083324;6.200739619950539;0.0;0.0;0.9083886067443465;0.5134370385946306;0.868893449929375;0.0;0.47394188177965907
ndelage;7.908307567261803;0.02636102522420601;1.4762174125555365;0.07908307567261803;0.0;0.10544410089682404;0.15816615134523607;0.0;0.0;0.02636102522420601;0.0;0.13180512612103004;0.15816615134523607;0.05272205044841202;2.820629698990043;0.7908307567261803;2.0825209927122748;0.0;0.0
jacob-carlborg;0.8745880840275349;0.04955999142822697;0.014576468067125582;0.0;0.0;0.02332234890740093;0.03789881697452651;0.0;0.0;0.0;0.06122116588192744;0.14867997428468094;0.0;0.0;0.11952703815042977;0.25946113159483536;0.005830587226850232;0.0;0.15451056151153117
MikereDD;4.58449073152872;0.0;1.1308410471104176;0.687673609729308;0.0;0.076408178858812;0.5807021593269712;0.0;0.0;0.0;0.0;0.0152816357717624;0.1222530861740992;0.0;0.1375347219458616;0.0;1.176685954425705;0.0;0.6571103381857832
ShatQQ;-0.0;-0.0;-0.0;-0.0;-0.0;-0.0;-0.0;-0.0;-0.0;-0.0;-0.0;-0.0;-0.0;-0.0;-0.0;-0.0;-0.0;-0.0;-0.0
CodeTh3ory;3.1702656048741202;0.035225173387490226;0.1643841424749544;0.035225173387490226;0.0;0.18786759139994785;0.7397286411372948;0.0;0.0;0.0;0.0;0.0;0.0821920712374772;0.0;0.0821920712374772;0.0;1.8317090161494916;0.0;0.01174172446249674
jimmac;2.8951668138823248;0.07720444837019533;0.13510778464784182;0.019301112092548832;0.0;0.04825278023137208;0.04825278023137208;0.0;0.0;0.009650556046274416;0.2895166813882325;0.7623939276556789;0.0;0.0;0.38602224185097667;0.009650556046274416;0.7816950397482277;0.0;0.3184683495270557
luciensn;-0.0;-0.0;-0.0;-0.0;-0.0;-0.0;-0.0;-0.0;-0.0;-0.0;-0.0;-0.0;-0.0;-0.0;-0.0;-0.0;-0.0;-0.0;-0.0
wvanbergen;6.2774228563581795;0.0;0.5649680570722362;0.08369897141810906;0.0;0.4184948570905453;0.6068175427812906;0.0;0.0;0.14647319998169087;0.1883226856907454;0.5858927999267635;0.04184948570905453;0.0627742285635818;0.33479588567243623;0.1255484571271636;0.3557206285269635;0.0;2.762066056797599
BrodyEscalera;-0.0;-0.0;-0.0;-0.0;-0.0;-0.0;-0.0;-0.0;-0.0;-0.0;-0.0;-0.0;-0.0;-0.0;-0.0;-0.0;-0.0;-0.0;-0.0
explicitcall;1.519318290323789;0.07596591451618945;0.010128788602158594;0.0;0.0;0.020257577204317187;0.020257577204317187;0.0;0.0;0.0;0.035450760107555074;0.5317614016133262;0.0;0.0;0.2937348694625992;0.0;0.4760530643014539;0.0;0.05570833731187226
cataliniacob;0.9500920529968092;0.009500920529968091;0.01583486754994682;0.003166973509989364;0.0;0.0;0.009500920529968091;0.0;0.0;0.003166973509989364;0.15834867549946818;0.3325322185488832;0.0;0.0;0.10767709933963837;0.003166973509989364;0.29452853642901083;0.0;0.012667894039957456
van-gog;3.564685845556685;0.0;0.0831760030629893;0.0;0.0;0.04752914460742246;0.04752914460742246;0.0;0.0;0.0;0.011882286151855615;0.05941143075927808;0.0;0.011882286151855615;0.02376457230371123;0.0;0.0;0.0;3.27951097791215
josephyzhou;42.032341551693946;0.0;1.9615092724123842;0.14010780517231314;0.0;1.120862441378505;1.120862441378505;0.0;0.0;0.0;6.1647434275817785;21.156278581019286;0.0;0.0;4.48344976551402;0.8406468310338788;2.66204829827395;0.0;2.3818326879293235
msweaver;2.1748905695251346;0.007249635231750449;0.10874452847625674;0.021748905695251345;0.0;0.0;0.0;0.0;0.0;0.0;0.0;0.05799708185400359;0.0;0.0;0.9352029448958079;0.03624817615875225;1.0076992972133123;0.0;0.0
peterflynn;78.037031461689;0.26012343820563;2.6012343820562998;0.78037031461689;0.0;0.26012343820563;0.0;0.0;0.0;1.3006171910281499;6.50308595514075;35.89703447237694;0.0;0.0;7.54357970796327;10.144814090019569;12.74604847207587;0.0;0.0
shane-tomlinson;60.92716477131158;0.0;1.421633844663937;0.6092716477131158;0.0;0.0;0.0;0.0;0.0;0.20309054923770525;13.403976249688547;29.448129639467265;0.0;0.0;6.498897575606568;3.249448787803284;6.092716477131158;0.0;0.0
tiennou;58.08676710836812;0.5808676710836812;0.9681127851394686;0.9681127851394686;0.0;0.0;0.0;0.0;0.0;0.0;2.7107157983905124;25.558177527681973;0.0;0.0;10.84286319356205;9.487505294366793;6.970412053004175;0.0;0.0
njx;77.31174649382878;0.25770582164609596;2.3193523948148633;1.0308232865843838;0.0;0.0;0.0;0.0;0.0;1.5462349298765756;6.95805718444459;32.98634517070028;0.0;0.0;7.731174649382878;11.081350330782126;13.400702725596988;0.0;0.0
slok;1.8992617499235018;0.0;0.3102127524875053;0.0;0.0;0.29755100748801533;0.21524966499133022;0.0;0.006330872499745006;0.0;0.018992617499235018;0.006330872499745006;0.03165436249872503;0.06963959749719507;0.018992617499235018;0.0;0.006330872499745006;0.0;0.9179765124630259
maxhutch;0.4852713000990072;0.0;0.06431306386854313;0.0;0.0;0.008769963254801335;0.032156531934271565;0.0;0.04677313735894045;0.049696458443874235;0.0029233210849337783;0.0;0.008769963254801335;0.0;0.0;0.0;0.21924908137003338;0.0;0.05261977952880801
zaiste;5.261505127430122;0.0;0.17538350424767074;0.0;0.0;0.3507670084953415;0.4033820597696427;0.0;0.0;0.0;0.15784515382290368;0.5261505127430122;0.0701534016990683;0.017538350424767073;0.8243024699640524;0.0;0.6664573161411488;0.0;2.0695253501225146
willdurand;46.1752235721666;0.76958705953611;0.461752235721666;0.0;0.0;1.53917411907222;1.385256707164998;0.0;0.0;0.0;3.694017885773328;11.389888481134427;0.153917411907222;0.153917411907222;4.925357181031104;4.925357181031104;1.077421883350554;0.0;15.699576014536644
Haacked;97.72318550439415;0.3257439516813138;4.23467137185708;1.3029758067252553;0.0;1.3029758067252553;0.3257439516813138;0.0;0.0;0.3257439516813138;12.70401411557124;38.43778629839503;0.0;0.6514879033626276;17.590173390790948;7.166366936988904;13.029758067252553;0.0;0.3257439516813138
awestendorf;0.8869933208923851;0.011826577611898469;0.07391611007436542;0.03252308843272079;0.0;0.014783222014873086;0.011826577611898469;0.0;0.0;0.011826577611898469;0.0857426876862639;0.18626859738740087;0.0;0.0;0.15670215335765472;0.0029566444029746172;0.2631413518647409;0.0;0.03547973283569541
jrao;0.852541641413026;0.04831069301340481;0.0028418054713767534;0.0;0.0;0.0;0.00852541641413026;0.0;0.0;0.0;0.0;0.022734443771014027;0.0;0.0;0.0795705531985491;0.0;0.690558729544551;0.0;0.0
nedimmuminovic;-0.0;-0.0;-0.0;-0.0;-0.0;-0.0;-0.0;-0.0;-0.0;-0.0;-0.0;-0.0;-0.0;-0.0;-0.0;-0.0;-0.0;-0.0;-0.0
jsuereth;62.07387078001854;3.103693539000927;2.2760419286006797;0.6207387078001854;0.0;0.2069129026000618;1.034564513000309;0.0;0.0;0.0;3.5175193442010504;22.760419286006798;0.6207387078001854;0.0;11.794035448203523;1.4483903182004325;14.070077376804202;0.0;0.6207387078001854
michaelc-zoovy;-0.0;-0.0;-0.0;-0.0;-0.0;-0.0;-0.0;-0.0;-0.0;-0.0;-0.0;-0.0;-0.0;-0.0;-0.0;-0.0;-0.0;-0.0;-0.0
ndonald2;6.354550061326802;0.21181833537756006;0.3812730036796081;0.2753638359908281;0.0;0.12709100122653602;0.021181833537756007;0.0;0.0;0.0;0.3812730036796081;2.3300016891531605;0.0;0.0;0.8684551750479962;0.4660003378306321;1.0590916768878003;0.0;0.23300016891531605
croostibat;0.40830021407407063;0.0;0.0;0.0;0.0;0.20415010703703532;0.0;0.0;0.0;0.0;0.0;0.0;0.0;0.0;0.0;0.0;0.0;0.0;0.20415010703703532
inca;1.6571635497670765;0.0;0.03314327099534153;0.005523878499223588;0.0;0.08838205598757741;0.11047756998447175;0.0;0.022095513996894352;0.0;0.06628654199068305;0.1325730839813661;0.0;0.0;0.15466859797826046;0.038667149494565116;0.2706700464619558;0.0;0.7346758403967372
soulmatt;9.202083189805256;0.0;0.5469769728205921;0.22522581233789085;0.0;0.06435023209654024;0.06435023209654024;0.0;0.0;0.16087558024135062;1.287004641930805;0.25740092838616097;0.19305069628962074;0.0;0.0;0.0;6.209797397316134;0.0;0.19305069628962074
RR-2004;-0.0;-0.0;-0.0;-0.0;-0.0;-0.0;-0.0;-0.0;-0.0;-0.0;-0.0;-0.0;-0.0;-0.0;-0.0;-0.0;-0.0;-0.0;-0.0
RebelPaha;-0.0;-0.0;-0.0;-0.0;-0.0;-0.0;-0.0;-0.0;-0.0;-0.0;-0.0;-0.0;-0.0;-0.0;-0.0;-0.0;-0.0;-0.0;-0.0
mrdoob;44.97595035987701;0.0;0.29983966906584675;0.0;0.0;4.047835532388931;8.545430568376633;0.0;0.0;0.14991983453292337;2.2487975179938506;8.545430568376633;0.0;0.0;1.4991983453292337;0.0;0.0;0.0;19.639498323812962
abcdw;0.8889425119985804;0.0;0.07704168437321031;0.008889425119985805;0.0;0.04148398389326709;0.06518911754656256;0.0;0.014815708533309675;0.07407854266654837;0.014815708533309675;0.08889425119985804;0.00592628341332387;0.0;0.03555770047994322;0.0;0.17482536069305415;0.0;0.28742474554620767
andremm;Infinity;NaN;NaN;NaN;NaN;NaN;NaN;NaN;NaN;NaN;NaN;NaN;NaN;NaN;NaN;NaN;NaN;NaN;Infinity
tristaneuan;1.0356846826728372;0.0;0.15343476780338328;0.0;0.0;0.1726141137788062;0.0;0.0;0.0;0.0;0.0;0.0;0.0;0.0;0.0;0.0;0.05753803792626873;0.0;0.652097763164379
