c9s;158.3490643842897;0.0;17.946227296886168;0.0;0.0;7.389623004600186;14.779246009200373;0.0;2.111320858457196;0.0;0.527830214614299;2.639151073071495;1.583490643842897;0.0;0.0;0.0;4.750471931528692;0.0;106.6217033520884
weierophinney;40.65053400875115;0.27100356005834103;0.8130106801750231;0.13550178002917052;0.0;0.5420071201166821;0.13550178002917052;0.0;0.0;0.0;6.910590781487696;16.531217163558804;0.0;0.0;7.9946050217210605;1.6260213603500462;2.9810391606417515;0.0;2.71003560058341
visionmedia;199.89049209152395;0.0;4.664111482135558;0.0;0.0;10.660826244881276;16.657541007626996;0.0;0.0;3.331508201525399;9.994524604576197;35.98028857647431;0.6663016403050798;0.6663016403050798;11.993429525491436;0.0;0.0;0.0;105.27565916820261
fabpot;138.24811055581927;1.3824811055581927;0.0;0.0;0.0;2.304135175930321;2.304135175930321;0.0;0.0;0.0;17.51142733707044;81.56638522793337;0.0;0.0;11.059848844465542;14.746465125954055;0.4608270351860642;0.0;6.9124055277909635
fsouza;206.90150626212312;7.5863885629445145;3.448358437702052;4.827701812782873;0.0;2.069015062621231;0.6896716875404104;0.0;0.0;1.3793433750808208;13.793433750808209;84.82961756747048;0.0;0.0;20.69015062621231;17.93146387605067;42.069972939965034;0.0;7.5863885629445145
tmcw;118.59280848084991;0.0;9.487424678467992;1.185928084808499;0.0;9.487424678467992;3.5577842544254974;0.0;11.068662124879324;0.0;12.254590209687823;24.113871057772815;0.39530936160283303;0.0;3.5577842544254974;0.0;20.556086803347316;0.0;22.927942972964317
taylorotwell;49.28506236689991;0.0;0.0;0.0;0.0;1.9714024946759963;0.0;0.0;0.0;0.0;6.735625190142987;33.678125950714936;0.0;0.0;5.092789777912991;0.6571341648919988;0.0;0.0;1.149984788560998
substack;131.60032493907391;0.0;11.844029244516653;0.0;0.0;13.160032493907392;6.141348497156783;0.0;10.089358245329;0.0;2.6320064987814784;9.212022745735174;2.6320064987814784;0.4386677497969131;1.3160032493907392;0.0;1.7546709991876523;0.0;72.38017871649066
dominictarr;43.05898183449204;0.0;1.435299394483068;0.0;0.0;2.152949091724602;1.8658892128279885;0.0;0.0;1.0047095761381477;2.296479031172909;11.769455034761158;0.0;0.0;2.4400089706212156;0.8611796366898408;2.296479031172909;0.0;16.936532854900204
ekmett;4.8851766739598785;0.08141961123266464;0.03256784449306586;0.01628392224653293;0.0;0.45594982290292196;0.47223374514945493;0.0;0.0;0.0;0.35824628942372444;0.6025051231217183;0.0;0.0;0.43966590065638905;0.01628392224653293;0.7002086566009159;0.0;1.7098118358859575
tokuhirom;61.06409845643528;2.6461109331121957;11.805725701577488;0.0;0.0;2.035469948547843;6.513503835353097;0.0;2.6461109331121957;0.40709398970956856;0.6106409845643529;2.6461109331121957;0.8141879794191371;0.20354699485478428;0.8141879794191371;0.0;11.195084717013136;0.0;18.726323526640154
michaelklishin;92.66806812819084;4.324509845982239;3.088935604273028;1.235574241709211;0.0;0.6177871208546055;2.1622549229911194;0.0;0.0;0.9266806812819083;8.031232571109872;22.2403363507658;0.0;0.6177871208546055;17.60693294435626;0.0;27.491526878029948;0.0;4.324509845982239
kennethreitz;160.92282285451756;0.5364094095150586;6.436912914180703;1.6092282285451758;0.0;5.364094095150586;18.237919923511992;0.0;0.0;0.0;13.946644647391523;40.23070571362939;0.0;0.0;10.191778780786112;0.0;8.582550552240937;0.0;55.78657858956609
Raynos;85.4196669555732;1.1389288927409762;6.264108910075368;0.0;0.0;1.42366111592622;1.708393339111464;0.0;1.1389288927409762;0.854196669555732;7.687770026001589;28.757954541709648;0.854196669555732;0.28473222318524405;5.979376686890125;2.84732223185244;11.674021150595005;0.0;14.806075605632689
zenorocha;34.30654325840689;0.0;2.5158131722831722;0.0;0.0;3.545009470035379;2.9732337490619307;0.0;3.430654325840689;1.3722617303362756;0.2287102883893793;1.0291962977522067;0.2287102883893793;0.0;1.0291962977522067;0.0;1.4866168745309654;0.0;16.467140764035307
dcramer;19.611507536281668;0.13074338357521112;0.5229735343008445;0.13074338357521112;0.0;1.1113187603892944;0.8498319932388722;0.0;0.0;0.0;2.3533809043538;6.341054103397739;0.06537169178760556;0.06537169178760556;1.4381772193273221;0.13074338357521112;2.8763544386546442;0.0;3.5954430483183053
jspahrsummers;151.62860351928117;3.5380007487832272;6.065144140771246;3.032572070385623;0.0;1.5162860351928116;0.5054286783976039;0.0;0.0;0.0;3.032572070385623;43.46686634219393;0.0;0.0;14.657431673530512;44.477723698989145;22.744290527892176;0.0;8.086858854361662
kripken;23.87560368340139;0.0;0.0;0.0;0.0;0.8754388017247177;2.148804331506125;0.0;0.0;0.5570974192793657;1.7508776034494353;6.048486266461685;0.0;0.0;1.6712922578380973;0.3979267280566898;0.15917069122267594;0.0;10.266509583862598
lepture;138.78180416345413;2.7756360832690827;2.3130300693909023;0.0;0.0;4.163454124903624;0.4626060138781804;0.0;0.9252120277563608;3.700848111025443;17.579028527370856;49.961449498843486;0.0;0.0;4.163454124903624;0.0;30.06939090208173;0.0;18.966846569005398
springmeyer;165.71088820268898;0.0;22.09478509369186;3.866587391396076;0.0;10.495022919503635;12.152131801530524;0.0;7.180805155449855;0.0;13.809240683557414;22.09478509369186;0.5523696273422966;0.0;3.314217764053779;0.0;30.38032950382631;0.0;38.113504286618465
drnic;37.27361884848677;0.869717773131358;1.2424539616162256;1.739435546262716;0.0;0.37273618848486767;0.4969815846464903;0.0;0.0;0.4969815846464903;0.9939631692929806;3.8516072810102995;0.0;0.0;1.3666993577778481;0.0;24.2278522515164;0.0;1.6151901501010932
sferik;78.34650191332314;0.5223100127554876;4.178480102043901;0.5223100127554876;0.0;1.8280850446442065;7.051185172199082;0.0;5.745410140310363;1.305775031888719;3.3950150829106693;20.10893549108627;0.2611550063777438;0.2611550063777438;3.9173250956661567;4.700790114799388;6.5288751594435945;0.0;17.758540433686576
radar;93.02325581395348;0.31007751937984496;0.31007751937984496;0.31007751937984496;0.0;0.9302325581395349;1.5503875968992247;0.0;0.0;0.0;18.91472868217054;45.581395348837205;0.0;0.0;8.372093023255813;1.8604651162790697;10.852713178294573;0.0;4.0310077519379846
Shougo;111.80413571779808;0.3726804523926603;1.1180413571779808;0.0;0.0;2.2360827143559616;1.4907218095706412;0.0;0.3726804523926603;0.3726804523926603;17.515981262455032;42.85825202515593;0.3726804523926603;0.0;10.062372214601828;0.0;11.92577447656513;0.0;23.106188048344936
postmodern;28.24557082860213;0.47075951381003545;0.2824557082860213;0.18830380552401418;0.0;0.8473671248580639;0.8473671248580639;0.0;0.18830380552401418;1.0356709303820781;1.4122785414301064;9.226886470676694;0.09415190276200709;0.0;2.91870898562222;0.5649114165720426;3.6719242077182765;0.0;6.496481290578489
lifesinger;129.0855939082755;3.011997191193095;3.4422825042206804;0.0;0.0;1.2908559390827552;0.43028531302758505;0.0;0.0;3.4422825042206804;18.071983147158573;38.29539285945507;0.0;0.0;1.2908559390827552;0.0;55.93709069358606;0.0;0.43028531302758505
pippinsplugins;41.90025411728192;0.6983375686213653;0.9776725960699114;0.2793350274485461;0.0;1.5363426509670035;1.1173401097941844;0.0;0.0;0.0;5.447033035246649;12.290741207736028;0.0;0.13966751372427305;4.050357898003918;0.0;8.100715796007837;0.0;7.262710713662199
balupton;28.31239759694156;0.0;3.114363735663572;0.0;0.0;4.52998361551065;1.6987438558164938;0.0;0.9437465865647188;0.0;1.2268705625341343;3.586237028945931;0.6606226105953031;0.0;0.18874931731294375;0.0;0.0;0.0;12.363080283997816
davglass;39.50093494689776;0.2633395663126517;1.843376964188562;0.0;0.0;2.2383863136575397;2.6333956631265174;0.0;0.7900186989379552;0.2633395663126517;3.1600747957518207;9.480224387255461;0.6583489157816294;0.0;3.1600747957518207;0.2633395663126517;3.0284050125954947;0.0;11.586940917756676
ornicar;16.166656271440157;0.2155554169525354;1.9938876068109526;0.0;0.0;0.8622216678101416;1.832221044096551;0.0;0.1077777084762677;0.0;0.754443959333874;1.40111021019148;0.4311108339050708;0.16166656271440155;0.5388885423813385;0.0;2.2633318780016216;0.0;5.60444084076592
jordansissel;13.677429023272207;0.3647314406205922;0.0;0.0;0.0;0.7294628812411844;0.8206457413963325;0.0;0.0;0.045591430077574026;0.5926885910084624;2.5987115144217197;0.0;0.0;2.097205783568405;0.22795715038787012;0.27354858046544417;0.0;5.926885910084623
jeromeetienne;7.175016989454774;0.0;0.3348341261745561;0.0;0.0;0.6218348057527471;1.195836164909129;0.0;0.0;0.0;0.1435003397890955;0.1195836164909129;0.0;0.02391672329818258;0.04783344659636516;0.0;0.0;0.0;4.687677766443786
josevalim;236.96769121061968;3.9494615201769943;0.7898923040353989;0.7898923040353989;0.0;1.5797846080707978;0.0;0.0;0.0;0.7898923040353989;25.276553729132765;122.43330712548683;0.0;0.0;30.805799857380556;15.00795377667258;31.595692161415954;0.0;3.9494615201769943
isaacs;103.38060975415198;1.0338060975415198;1.3784081300553597;0.0;0.0;4.824428455193759;3.1014182926245595;0.0;0.0;1.3784081300553597;16.885499593178157;43.41985609674383;0.0;0.0;3.7906223576522393;2.0676121950830395;5.169030487707599;0.0;20.331519918316555
jtimberman;40.18473817131535;0.6697456361885892;2.411084290278921;1.8752877813280497;0.0;0.2678982544754357;1.607389526852614;0.0;0.13394912723771785;0.0;0.5357965089508714;14.734403996148963;0.13394912723771785;0.0;11.519624942443734;0.6697456361885892;4.152422944369253;0.0;1.4734403996148961
fogus;25.597749926179326;0.08532583308726442;1.7918424948325529;0.8532583308726442;0.0;0.8532583308726442;0.9385841639599086;0.0;0.0;0.17065166617452884;1.8771683279198172;4.180965821275957;0.17065166617452884;0.0;1.7918424948325529;0.0;6.826066646981154;0.0;6.058134149195774
aheckmann;91.78632766160874;2.1416809787708706;6.425042936312612;0.0;0.0;1.529772127693479;0.9178632766160874;0.0;0.9178632766160874;1.529772127693479;10.708404893854352;31.513305830485667;0.6119088510773916;0.0;5.8131340852352205;2.753589829848262;15.909630128012182;0.0;11.014359319393048
ednapiranha;6.31579716836887;0.0;0.6947376885205757;0.0;0.0;0.48421111624161334;1.4736860059527364;0.0;0.042105314455792464;0.0;0.0;0.16842125782316986;0.1894739150510661;0.021052657227896232;0.23157922950685855;0.0;0.0631579716836887;0.0;2.9473720119054727
gka;27.002306447009015;0.0;1.8001537631339344;0.27002306447009017;0.0;1.530130698663844;1.3501153223504507;0.0;3.3302844617977785;0.630053817096877;2.1601845157607213;4.500384407834836;0.36003075262678685;0.09000768815669671;1.260107634193754;0.0;5.670484353871893;0.0;3.780322902581262
hueniverse;21.02824209737244;0.0;1.471976946816071;0.07009414032457481;0.0;1.401882806491496;0.14018828064914962;0.0;0.0;0.0;2.0327300694126693;8.201014417975253;0.0;0.07009414032457481;3.574801156553315;0.350470701622874;2.172918350061819;0.0;1.5420710871406458
scribu;18.7977831379824;0.250637108506432;0.93988915689912;0.062659277126608;0.0;0.93988915689912;0.814570602645904;0.0;0.0;0.062659277126608;2.067756145178064;7.51911325519296;0.125318554253216;0.187977831379824;0.6892520483926879;1.190526265405552;1.2531855425321599;0.0;2.694348916444144
andrewsmedina;88.81122475201727;0.29603741584005755;6.512823148481266;0.0;0.0;7.993010227681554;7.696972811841496;0.0;0.0;0.0;7.696972811841496;9.473197306881842;0.5920748316801151;0.0;7.104897980161382;0.0;11.545459217762245;0.0;29.89977899984581
alex;49.21571940963922;1.4764715822891765;1.4764715822891765;0.0;0.0;1.1483667862249152;1.4764715822891765;0.0;0.0;2.460785970481961;1.6405239803213072;10.335301076024235;0.0;0.32810479606426146;5.905886329156706;6.7261483193173595;13.28824424060259;0.0;2.952943164578353
avsm;94.32486035044305;1.886497207008861;3.772994414017722;0.3144162011681435;0.0;2.2009134081770045;2.515329609345148;0.0;0.0;0.3144162011681435;22.32355028293819;28.9262905074692;0.0;0.0;3.144162011681435;0.0;23.895631288778905;0.0;4.716243017522152
lsmith77;824.6110775299844;10.994814367066459;27.487035917666148;16.492221550599687;0.0;0.0;10.994814367066459;0.0;0.0;0.0;85.20981134476506;387.5672064390927;2.7487035917666147;0.0;112.6968472624312;54.974071835332296;93.4559221200649;0.0;21.989628734132918
maxogden;232.67713354697977;0.0;13.960628012818786;0.0;0.0;50.41337893517895;13.960628012818786;0.0;2.3267713354697976;0.0;6.204723561252794;19.38976112891498;0.0;0.0;7.755904451565992;0.0;24.043303799854577;0.0;93.84644386394851
svenfuchs;102.04282491703115;0.0;3.401427497234372;2.3809992480640605;0.0;2.040856498340623;4.761998496128121;0.0;0.0;0.0;14.966280987831237;30.952990224832785;0.6802854994468743;0.0;4.761998496128121;1.700713748617186;27.551562727598412;0.0;8.843711492809367
rstacruz;31.601085068121556;0.0;0.5266847511353593;0.0;0.0;1.6853912036331495;3.370782407266299;0.0;0.0;0.0;2.001402054314365;5.056173610899449;0.2106739004541437;0.0;2.001402054314365;0.2106739004541437;1.0533695022707186;0.0;15.484531683379561
paulmillr;30.189593442149423;0.6037918688429884;1.4088476939669732;0.0;0.0;1.5094796721074712;2.4151674753719536;0.0;0.0;0.20126395628099616;2.717063409793448;7.949926273099348;0.3018959344214942;0.0;2.0126395628099614;0.0;1.4088476939669732;0.0;9.660669901487815
samuelclay;23.957254047639076;0.39928756746065125;1.7568652968268654;0.0;0.0;2.0762953507953865;3.0345855127009496;0.0;0.0;0.0;1.4374352428583446;2.874870485716689;0.07985751349213024;0.0;2.0762953507953865;0.0;0.5590025944449117;0.0;9.66275913254776
jeremydmiller;8.645244781834313;0.028817482606114376;3.602185325764297;0.05763496521222875;0.0;0.20172237824280062;0.28817482606114375;0.0;0.0;0.0;0.7780720303650881;1.7866839215790913;0.0;0.0;0.6339846173345163;0.0;0.8933419607895456;0.0;0.3746272738794869
mitchellh;65.00558014721557;0.43337053431477046;0.21668526715738523;0.21668526715738523;0.0;3.4669642745181637;5.2004464117772455;0.0;0.0;0.6500558014721557;6.067187480406786;20.585100379951598;0.0;0.0;3.683649541675549;0.0;0.8667410686295409;0.0;23.61869412015499
willdurand;52.78904138603819;1.407707770294352;0.5278904138603819;0.0;0.0;2.4634885980151155;1.9355981841547338;0.0;0.0;0.0;4.575050253456643;14.6049681168039;0.175963471286794;0.0;4.399086782169849;7.038538851471759;1.407707770294352;0.0;14.253041174230312
yihui;14.479290201955934;0.7722288107709832;1.1583432161564746;0.0;0.0;1.9305720269274578;1.1100789154832882;0.0;0.0;0.0;0.5309073074050509;1.6409862228883392;0.14479290201955933;0.0;0.33785010471230514;0.0;1.3031361181760341;0.0;5.550394577416442
snoyberg;13.272854452295046;0.044242848174316826;0.22121424087158412;0.0;0.0;0.08848569634863365;0.1769713926972673;0.0;0.0;1.3715282934038215;1.460013989752455;3.450942157596712;0.044242848174316826;0.0;0.8848569634863365;0.0;4.778227602826217;0.0;0.752128418963386
igorw;171.87417113150497;2.2916556150867327;2.2916556150867327;1.7187417113150496;0.0;1.7187417113150496;2.864569518858416;0.0;0.0;0.0;20.051986632008912;88.22874118083921;1.1458278075433663;0.0;14.895761498063763;20.051986632008912;7.4478807490318815;0.0;8.593708556575248
steveklabnik;474.499322666862;63.2665763555816;3.16332881777908;0.0;0.0;4.74499322666862;3.16332881777908;0.0;0.0;4.74499322666862;44.286603448907115;211.94303079119834;0.0;0.0;55.3582543111339;3.16332881777908;75.91989162669792;0.0;4.74499322666862
sindresorhus;398.73242469925856;1.3291080823308619;3.9873242469925856;3.9873242469925856;0.0;54.493431375565336;6.645540411654309;0.0;1.3291080823308619;0.0;53.164323293234474;200.69532043196014;0.0;0.0;21.26572931729379;0.0;30.569485893609823;0.0;21.26572931729379
kohsuke;88.0007333394445;9.386744889540745;4.693372444770373;0.8800073333944449;0.0;0.8800073333944449;0.8800073333944449;0.0;0.0;0.8800073333944449;1.4666788889907416;27.86689889082409;0.0;0.0;12.613438445320377;1.4666788889907416;25.5202126684389;0.0;1.4666788889907416
steipete;22.53873845672249;0.0;0.9015495382688996;0.15025825637814993;0.0;2.404132102050399;3.5310690248865235;0.0;0.0;0.0;0.5259038973235248;0.7512912818907497;0.15025825637814993;0.0;0.6010330255125997;0.0;0.6761621537016748;0.0;12.84708092033182
rafaelfranca;270.66538573994404;2.7066538573994405;2.7066538573994405;0.0;0.0;1.8044359049329604;0.0;0.0;0.0;0.9022179524664802;29.773192431393845;141.6482185372374;0.9022179524664802;0.0;31.577628336326807;27.066538573994404;29.773192431393845;0.0;0.0
Gozala;21.970700646660784;0.3661783441110131;0.3661783441110131;0.0;0.0;0.21970700646660785;0.0;0.0;0.0;0.14647133764440523;0.07323566882220262;3.5153121034657255;0.0;0.0;3.808254778754536;8.788280258664313;2.490012739954889;0.0;2.1970700646660783
mattn;594.3727212272696;0.0;17.831181636818087;0.0;0.0;206.04921002545345;23.77490884909078;0.0;7.924969616363594;0.0;3.962484808181797;13.86869682863629;1.9812424040908985;0.0;5.943727212272695;0.0;35.662363273636174;0.0;277.37393657272577
JakeWharton;143.01084167839113;2.8602168335678226;1.4301084167839113;5.243730861541008;0.0;8.10394769510883;27.172059918894313;0.0;0.0;0.0;10.01075891748738;33.84589919721923;0.0;0.0;11.44086733427129;5.720433667135645;19.54481502938012;0.0;17.63800380700157
durran;8.299921771956447;0.05533281181304298;0.22133124725217193;0.05533281181304298;0.0;0.11066562362608597;0.02766640590652149;0.0;0.0;0.0;2.323978096147805;4.509624162763003;0.0;0.0;0.5256617122239083;0.0;0.3596632767847794;0.0;0.11066562362608597
viatropos;30.767331551233777;0.0;2.4613865240987023;0.0;0.0;2.2562709804238104;1.9485976649114725;0.0;6.153466310246755;0.0;0.7179044028621214;1.6409243493991348;0.5127888591872296;0.10255777183744592;0.8204621746995674;0.0;0.3076733155123378;0.0;13.8452991980552
davidfowl;34.24725407577998;0.456630054343733;1.369890163031199;0.0;0.0;0.5707875679296662;0.11415751358593325;0.0;0.0;0.2283150271718665;3.9955129755076637;6.506978274398195;0.11415751358593325;0.0;4.337985516265464;8.79012854611686;7.534395896671595;0.0;0.2283150271718665
RubyLouvre;8.699916323721471;0.028999721079071568;1.2179882853210058;0.0;0.0;1.1019894010047195;1.4789857750326498;0.0;0.0;0.0;0.666993584818646;1.072989679925648;0.0;0.0;0.1739983264744294;0.0;0.0;0.0;2.9579715500652997
torvalds;41.510588242830536;0.1383686274761018;0.0;0.0;0.0;17.296078434512722;9.547435295851022;0.0;0.0;0.0;0.0;0.0;0.0;0.0;0.0;0.0;0.8302117648566106;0.0;13.698494120134077
domenic;49.34792955735364;0.16449309852451213;2.4673964778676822;0.0;0.0;1.6449309852451213;1.8094240837696336;0.0;1.315944788196097;0.16449309852451213;4.9347929557353645;21.877582103760115;0.4934792955735364;0.0;2.7963826749167064;0.4934792955735364;7.402189433603046;0.0;3.783341266063779
beberlei;140.75252643182571;0.9383501762121714;0.9383501762121714;0.4691750881060857;0.0;0.4691750881060857;0.9383501762121714;0.0;0.0;0.0;15.013602819394743;76.0063642731859;0.0;0.0;12.19855229075823;17.359478259925172;15.482777907500829;0.0;0.9383501762121714
kevinsawicki;33.77678393413527;0.0;3.490267673193978;0.7881249584631563;0.0;0.5629463989022545;1.2384820775849599;0.0;0.0;0.0;1.2384820775849599;3.377678393413527;5.179106869900742;0.0;2.364374875389469;0.3377678393413527;13.285535014093206;0.0;1.9140177562676652
ayende;9.049138708423973;0.18098277416847947;0.30163795694746576;0.0;0.0;0.4222931397264521;0.6334397095896781;0.0;0.0;0.0;0.0;0.30163795694746576;0.0;0.0;1.2367156234846097;0.0;5.278664246580651;0.0;0.6937673009791713
mattt;43.01453566041086;0.0;2.437490354089949;0.0;0.0;7.312471062269846;4.874980708179898;0.0;0.28676357106940575;0.0;0.0;0.0;0.7169089276735143;0.5735271421388115;0.0;0.0;0.0;0.0;26.812393894989437
dustin;12.287312638629281;0.0;0.9829850110903425;0.0;0.0;0.3276616703634475;0.49149250554517127;0.0;0.08191541759086188;0.0;0.08191541759086188;0.2867039615680166;0.04095770879543094;0.04095770879543094;0.2867039615680166;0.0;7.945795506313602;0.0;1.7202237694080995
scottgonzalez;48.10958293891642;1.764018041093602;1.1225569352413831;0.4810958293891642;0.0;0.16036527646305473;0.4810958293891642;0.0;0.0;0.16036527646305473;4.971323570354697;17.479815134472965;0.0;0.0;4.4902277409655325;7.376802717300517;8.980455481931065;0.0;0.6414611058522189
dg;16.610571808681073;4.097274379474665;0.05536857269560358;0.0;0.0;0.22147429078241432;0.2768428634780179;0.0;0.0;0.0;0.7751600177384501;6.976440159646051;0.0;0.0;1.6610571808681074;0.5536857269560358;0.16610571808681074;0.0;1.827162898954918
jaredhanson;38.672310357226515;0.0;2.835969426196611;0.0;0.0;4.253954139294916;4.5117695416764265;0.0;5.027400346439447;0.12890770119075504;0.38672310357226514;1.1601693107167954;0.5156308047630201;0.0;0.7734462071445303;0.12890770119075504;0.0;0.0;18.949432075040992
ericam;10.434480159995363;0.03478160053331788;0.24347120373322512;0.0;0.0;0.5217240079997681;0.834758412799629;0.0;0.0;0.0;0.869540013332947;3.8607576591982844;0.06956320106663576;0.0;0.17390800266658937;0.0;0.0;0.0;3.8259760586649665
ask;23.271724316258425;0.0;0.930868972650337;0.0;0.0;2.5598896747884266;0.6981517294877527;0.0;0.31028965755011234;0.0;2.947751746726067;4.266482791314044;0.0;0.0;0.8532965582628089;0.15514482877505617;0.4654344863251685;0.0;10.08441387037865
pydanny;72.74278465666079;0.0;4.122091130544112;0.0;0.0;3.1521873351219676;5.576946823677328;0.0;0.48495189771107194;0.0;5.819422772532864;16.488364522176447;0.0;0.24247594885553597;6.789326567955007;0.0;3.3946632839775037;0.0;26.672354374108956
indutny;125.27306822355831;2.9230382585496937;9.186691669727608;1.6703075763141106;0.0;0.0;0.41757689407852766;0.0;0.0;0.8351537881570553;11.692153034198775;36.74676667891043;0.41757689407852766;0.0;11.692153034198775;9.604268563806137;29.647959479575466;0.0;9.604268563806137
purcell;18.728350763512665;0.1248556717567511;0.37456701527025327;0.0;0.0;0.686706194662131;1.9352629122296419;0.0;1.6855515687161398;0.0;1.1861288816891353;6.554922767229432;0.0;0.0;1.9352629122296419;0.1248556717567511;0.4994226870270044;0.0;3.6208144809457816
agentzh;9.853508886975463;0.032845029623251545;0.19707017773950927;0.0;0.0;1.8064766292788348;0.9853508886975463;0.0;0.0;0.0;0.8211257405812886;1.4451813034230678;0.032845029623251545;0.0;0.36129532585576696;0.0;0.2956052666092639;0.0;3.8757134955436823
marijnh;22.530294640971235;0.4506058928194247;0.0;0.0;0.0;0.5257068749559954;3.3044432140091144;0.0;0.0;0.0;2.177928481960553;6.308482499471946;0.0;0.0;1.9526255355508404;0.22530294640971235;0.0;0.0;7.585199195793649
xpaulbettsx;150.9214242044892;3.5214998981047483;5.533785554164604;2.51535707007482;0.0;0.503071414014964;0.0;0.0;0.0;0.0;3.5214998981047483;44.7733558473318;0.0;0.0;15.092142420448921;48.29485574543655;23.141285044688345;0.0;3.5214998981047483
mythz;11.618212624048624;0.03872737541349541;1.0069117607508808;0.0;0.0;0.5421832557889358;0.2710916278944679;0.0;0.0;0.23236425248097248;2.323642524809725;3.446736411801092;0.0;0.0;1.9750961460882661;0.0;0.3098190033079633;0.0;1.4716402657128258
TooTallNate;76.69115536764119;1.0225487382352159;3.3232833992644517;0.0;0.0;3.5789205838232556;1.7894602919116278;0.0;6.3909296139700995;1.7894602919116278;7.669115536764119;23.26298379485116;1.0225487382352159;0.25563718455880396;4.601469322058471;2.0450974764704317;5.624018060293687;0.0;14.315682335293022
ujihisa;55.71258154305796;0.18570860514352652;7.799761416028114;0.0;0.0;1.1142516308611592;3.899880708014057;0.0;2.042794656578792;0.0;2.4142118668658448;9.842556072606907;0.0;0.0;1.4856688411482122;0.0;11.699642124042171;0.0;15.228105621769176
mbostock;90.90877206519338;0.0;1.212116960869245;0.0;0.0;5.1514970836942915;13.636315809779006;0.0;0.0;2.42423392173849;7.27270176521547;12.12116960869245;0.0;0.0;1.212116960869245;0.0;4.242409363042357;0.0;43.63621059129282
gitster;0.8716318340122444;0.0464870311473197;0.005810878893414963;0.0;0.0;0.30797658135099304;0.08135230450780948;0.0;0.0;0.0;0.01743263668024489;0.1249338962084217;0.0;0.0;0.10169038063476185;0.005810878893414963;0.05520334948744215;0.0;0.1249338962084217
adamv;211.0491389488255;3.5174856491470914;0.7034971298294183;1.4069942596588365;0.0;0.7034971298294183;0.7034971298294183;0.0;0.0;0.0;22.511908154541384;85.82664983918903;0.0;0.0;23.918902414200222;17.587428245735456;52.05878760737695;0.0;2.1104913894882547
markstory;33.22076041192717;2.7683967009939314;0.5536793401987863;0.33220760411927175;0.0;0.2214717360795145;0.442943472159029;0.0;0.0;0.0;0.442943472159029;11.848737880254026;0.2214717360795145;0.0;5.093849929828833;6.4226803463059206;3.654283645311989;0.0;1.1073586803975726
jwiegley;15.20432572452249;0.8615784577229411;0.5068108574840829;0.1520432572452249;0.0;0.25340542874204147;0.6081730289808996;0.0;0.0;0.0;1.672475829697474;3.1422273164013146;0.0;0.0;1.2163460579617993;0.0506810857484083;5.67628160382173;0.0;0.9629406292197576
mourner;52.35020509889382;0.0;2.268508887618732;0.0;0.0;2.268508887618732;2.96651162227065;0.0;4.013515724248526;0.0;6.805526662856196;14.658057427690268;0.0;0.17450068366297938;2.268508887618732;0.0;2.79201093860767;0.0;14.13455537670133
bergie;11.049803836140617;0.0;0.0;0.0;0.0;0.22099607672281235;0.9208169863450514;0.0;0.0;0.0;0.8839843068912494;2.725618279581352;0.0;0.0;0.2578287561766144;0.0;1.5101398576058844;0.0;4.530419572817653
Seldaek;174.76670802092886;2.330222773612385;0.0;0.0;0.0;1.7476670802092886;1.1651113868061924;0.0;0.0;0.0;18.64178218889908;110.68558174658827;0.0;0.0;15.729003721883597;19.80689357570527;2.912778467015481;0.0;1.7476670802092886
carljm;11.994735643800777;0.3198596171680207;0.6397192343360414;0.11994735643800776;0.0;0.4398069736060285;1.3194209208180854;0.0;0.15992980858401035;0.0;0.47978942575203104;1.3194209208180854;0.07996490429200517;0.07996490429200517;0.8396314950660544;0.15992980858401035;1.4793507294020958;0.0;4.557999544644295
bbatsov;41.19562677906461;0.2746375118604308;0.0;0.0;0.0;1.0985500474417231;6.179344016859692;0.0;0.1373187559302154;0.0;2.1971000948834463;12.221369277789169;0.0;0.0;2.3344188508136616;0.41195626779064615;0.5492750237208616;0.0;15.791656931974769
drogus;267.0127943630632;1.780085295753755;8.010383830891897;5.340255887261264;0.0;0.8900426478768775;1.780085295753755;0.0;0.0;0.0;25.811236788429447;134.3964398294085;0.0;0.0;27.5913220841832;13.350639718153161;42.722047098090115;0.0;5.340255887261264
sorbits;6.403780602325966;0.21345935341086553;0.0426918706821731;0.0;0.0;0.3201890301162983;0.06403780602325966;0.0;0.0;0.0;1.3447939264884528;3.2232362365040697;0.02134593534108655;0.0;0.5123024481860773;0.0;0.5976861895504235;0.0;0.06403780602325966
example42;10.107052086412176;0.0;0.0;0.0;0.0;0.40428208345648703;3.638538751108383;0.0;0.0;0.0;0.43797225707786097;1.4486774657190786;0.0;0.0;2.526763021603044;0.13476069448549569;0.0;0.0;1.5160578129618263
charliesome;39.962873996688266;0.0;1.3320957998896088;0.0;0.0;2.131353279823374;2.7974011797681784;0.0;0.13320957998896088;0.0;0.26641915997792176;3.8630778196798654;0.13320957998896088;0.0;1.8649341198454523;0.26641915997792176;12.388490938973362;0.0;14.786263378774658
jdalton;34.74623984557227;0.0;0.3474623984557227;0.11582079948524089;0.0;1.3898495938228907;0.46328319794096356;0.0;0.0;0.0;5.906860773747286;15.63580793050752;0.0;0.11582079948524089;3.242982385586745;0.46328319794096356;4.053727981983431;0.0;3.011340786616263
jcoglan;15.856857601503465;0.0;1.2156924161152656;0.1057123840100231;0.0;1.4799733761403233;1.1628362241102541;0.0;0.15856857601503466;0.1057123840100231;0.7928428800751732;1.2685486081202773;0.4757057280451039;0.05285619200501155;0.3171371520300693;0.0;3.488508672330762;0.0;5.232763008496144
addyosmani;311.30273951214826;0.0;5.188378991869138;3.113027395121483;0.0;19.715840169102723;10.376757983738276;0.0;1.0376757983738276;5.188378991869138;49.808438321943726;122.44574420811165;0.0;1.0376757983738276;12.452109580485931;0.0;29.054922354467173;0.0;51.88378991869138
koush;63.18237328789663;0.0;24.430517671320032;0.0;0.0;1.474255376717588;4.001550308233453;0.0;0.0;0.0;0.21060791095965545;2.1060791095965543;0.0;0.0;1.2636474657579326;0.0;20.007751541167266;0.0;9.68796390414415
hadley;19.024216241924616;1.0146248662359796;0.12682810827949745;0.0;0.0;1.395109191074472;1.2682810827949744;0.0;0.0;0.12682810827949745;2.98046054456819;4.565811898061908;0.0;0.06341405413974872;1.7121794617732156;0.2536562165589949;1.8390075700527129;0.0;3.6780151401054257
Marak;500.1254172535551;0.0;25.006270862677756;0.0;0.0;76.68589731221178;43.34420282864144;0.0;3.334169448357034;3.334169448357034;3.334169448357034;15.003762517606653;5.001254172535551;1.667084724178517;6.668338896714068;16.67084724178517;8.335423620892586;0.0;291.7398267312405
Ocramius;41.80038381525263;0.0;2.22935380348014;0.0;0.0;3.0653614797851927;3.3440307052202103;0.0;4.180038381525263;0.0;1.811349965327614;8.638745988485542;0.557338450870035;0.0;2.368688416197649;1.3933461271750875;0.2786692254350175;0.0;13.933461271750875
carlosantoniodasilva;226.16024919508936;2.2616024919508937;1.5077349946339291;0.7538674973169646;0.0;0.7538674973169646;0.0;0.0;0.0;0.7538674973169646;22.616024919508938;122.12653456534827;0.0;0.0;30.908567389995547;14.323482449022327;30.154699892678583;0.0;0.0
miyagawa;55.10836703192969;1.1021673406385937;10.103200622520443;0.0;0.0;5.143447589646771;3.857585692235078;0.0;1.6532510109578906;0.3673891135461979;0.3673891135461979;4.592363919327474;0.7347782270923958;0.0;1.4695564541847916;0.0;2.0206401245040886;0.0;23.696597823729764
stephenmcd;8.707529796078521;0.02902509932026174;0.02902509932026174;0.0;0.0;0.34830119184314084;1.1319788734902079;0.0;0.0;0.0;0.7546525823268052;1.451254966013087;0.0;0.0;0.8707529796078521;0.0;0.40635139048366437;0.0;3.686187613673241
qiangxue;50.820041761839875;4.743203897771721;0.0;0.0;0.0;0.8470006960306645;0.0;0.0;0.0;0.0;5.082004176183987;23.88541962806474;0.0;0.0;4.743203897771721;7.792406403482114;3.7268030625349238;0.0;0.0
rjbs;4.85309828759775;0.0;0.873557691767595;0.0;0.0;0.5014868230517675;0.8088497145996251;0.0;0.097061965751955;0.0;0.38824786300782;0.355893874423835;0.1455929486279325;0.0;0.6632567659716925;0.0;0.1779469372119175;0.0;0.84120370318361
shiffman;26.740312568669058;0.08913437522889686;0.2674031256866906;0.08913437522889686;0.0;0.8022093770600718;0.8913437522889687;0.0;0.0;0.0;6.150271890793883;8.913437522889687;0.08913437522889686;0.0;1.5152843788912467;0.0;4.1893156357581525;0.0;3.7436437596136685
nddrylliog;8.041261100554543;0.08041261100554543;0.8309303137239694;0.0;0.0;0.9917555357350603;0.8845387210609997;0.0;0.05360840733703028;0.0;0.05360840733703028;0.16082522201109087;0.02680420366851514;0.08041261100554543;0.08041261100554543;0.0;0.0;0.0;4.797952456664211
benoitc;45.516645535610806;0.0;4.55166455356108;0.0;0.0;0.7586107589268467;1.5172215178536934;0.0;0.45516645535610806;0.0;6.372330374985513;14.413604419610088;0.15172215178536935;0.15172215178536935;1.3654993660683241;0.0;5.310275312487927;0.0;10.468828473190484
gfx;75.75846144852984;0.0;15.909276904191266;0.2525282048284328;0.0;4.040451277254925;5.555620506225521;0.0;1.262641024142164;0.0;1.0101128193137312;7.070789735196119;0.7575846144852983;0.5050564096568656;3.5353948675980593;0.0;4.292979482083358;0.0;31.5660256035541
jashkenas;83.50111946909782;0.0;0.2783370648969927;0.2783370648969927;0.0;5.5667412979398545;10.576808466085724;0.0;0.0;1.3916853244849636;6.680089557527825;20.596942802377463;0.0;0.0;1.948359454278949;0.0;5.5667412979398545;0.0;30.6170771386692
ProLoser;15.168406176209832;0.0;0.7078589548897921;0.0;0.0;0.6067362470483932;0.9101043705725899;0.0;0.1516840617620983;0.0;2.1235768646693765;5.005574038149244;0.10112270784139887;0.0;0.7078589548897921;0.0;0.5561748931276937;0.0;4.297715083259452
kytrinyx;8.245748762978623;0.027485829209928744;1.1544048268170073;0.0;0.0;1.2093764852368647;0.8245748762978624;0.0;0.027485829209928744;0.0;0.16491497525957247;0.16491497525957247;0.08245748762978623;0.027485829209928744;1.0444615099772923;0.027485829209928744;1.8965222154850834;0.0;1.5941780941758672
faux123;23.89391544024447;0.0796463848008149;1.1946957720122235;0.0;0.0;0.5575246936057042;1.1150493872114084;0.0;0.0;0.0;0.23893915440244468;0.6371710784065192;0.0;0.0;0.3982319240040745;0.0;19.274425121797204;0.0;0.3982319240040745
Cocoanetics;8.00736974585869;0.026691232486195628;0.053382464972391255;0.0;0.0;0.6672808121548907;1.1210317644202163;0.0;0.0;0.0;0.8274282070720644;1.4680177867407596;0.0;0.0;0.21352985988956502;0.0;0.13345616243097813;0.0;3.4965514556916273
dkubb;30.052626880173268;4.608069454959901;1.5026313440086634;0.2003508458678218;0.0;0.5008771146695544;0.2003508458678218;0.0;0.0;0.0;1.7029821898764852;7.613332142977228;0.1001754229339109;0.0;1.4024559210747525;0.1001754229339109;10.718770253928465;0.0;1.4024559210747525
soyjavi;15.242754986827249;0.0;0.4572826496048175;0.0;0.0;1.3718479488144524;2.0831765148663908;0.0;1.4226571321038766;0.0;0.20323673315769666;0.6605193827625142;0.10161836657884833;0.050809183289424166;0.304855099736545;0.0;0.6605193827625142;0.0;7.92623259315017
remy;28.30219582236878;0.3773626109649171;0.2830219582236878;0.0;0.0;2.2641756657895025;4.0566480678728585;0.0;0.0;0.0;1.7924724020833562;3.3019228459430243;0.0;0.0;1.6981317493421269;0.5660439164473756;2.358516318530732;0.0;11.6039002871712
JacksonTian;36.04971857019473;0.0;3.2444746713175254;0.0;0.0;4.80662914269263;5.888120699798472;0.0;1.2016572856731575;0.0;0.3604971857019473;0.3604971857019473;0.3604971857019473;0.0;0.24033145713463153;0.0;0.0;0.0;19.346682299337836
kraih;20.781619811810888;0.13854413207873925;5.888125613346419;0.0;0.0;2.216706113259828;2.078161981181089;0.0;0.13854413207873925;0.554176528314957;0.48490446227558737;0.4156323962362177;0.48490446227558737;0.0;0.13854413207873925;0.0;0.0;0.0;8.243375858684985
jcasimir;10.242286179433632;0.0;0.4096914471773453;0.0;0.0;0.23898667752011807;0.034140953931445436;0.0;0.10242286179433632;0.0;0.44383240110879074;1.775329604435163;0.034140953931445436;0.0;3.3799544392130985;0.034140953931445436;3.653082070664662;0.0;0.13656381572578175
andrew;76.51389471074087;0.0;6.376157892561739;0.0;0.0;10.456898943801253;5.355972629751861;0.0;3.8256947355370436;0.0;1.785324209917287;1.785324209917287;1.0201852628098784;0.0;1.5302778942148174;0.0;2.805509472727165;0.0;41.57254945950254
kana;162.57001110142437;0.0;5.960900407052227;0.0;0.0;9.754200666085461;11.379900777099706;0.0;3.793300259033235;0.0;1.6257001110142437;1.6257001110142437;0.0;2.1676001480189915;0.0;0.0;0.0;0.0;126.26270862210626
indexzero;63.829001317458165;0.0;7.2339534826452585;0.21276333772486056;0.0;4.4680300922220715;4.893556767671793;0.0;13.404090276666215;0.0;1.914870039523745;5.319083443121514;0.8510533508994422;0.21276333772486056;1.0638166886243028;0.0;1.914870039523745;0.0;22.34015046111036
n1k0;51.40582639030747;0.0;1.7135275463435822;0.0;0.0;5.654640902933822;3.5984078473215226;0.0;0.0;3.4270550926871644;1.0281165278061493;2.7416440741497317;0.5140582639030746;0.0;2.398938564881015;5.654640902933822;6.511404676105612;0.0;18.163391991241973
graemerocher;9.917689300833514;0.36364860769722884;0.4958844650416757;0.03305896433611171;0.0;0.06611792867222342;0.0;0.0;0.0;0.03305896433611171;0.3305896433611171;0.8925920370750162;0.0;0.0;1.7190661454778091;0.0;5.98367254483622;0.0;0.0
creationix;27.085771610098647;0.0;0.18057181073399098;0.0;0.0;2.6182912556428692;1.9862899180739007;0.0;0.0;0.0;0.27085771610098647;3.79200802541381;0.09028590536699549;0.0;1.1737167697709414;0.45142952683497745;0.27085771610098647;0.0;16.251462966059186
jgm;7.504384071597383;0.0;0.0;0.0;0.0;0.3502045900078779;0.9755699293076598;0.0;0.0;0.10005845428796512;1.1006429971676162;1.5509060414634592;0.0;0.0;0.15008768143194767;0.0;0.0;0.0;3.2769143779308574
phalcon;42.05286785308103;0.700881130884684;0.28035245235387357;0.0;0.0;0.8410573570616208;3.7847581067772933;0.0;0.0;0.700881130884684;4.205286785308104;12.475684129747375;0.0;0.0;7.84986866590846;0.0;2.2428196188309886;0.0;8.971278475323954
desandro;117.11125569290827;0.0;1.1711125569290828;1.1711125569290828;0.0;1.5614834092387768;8.197787898503579;0.0;0.0;2.3422251138581656;15.224463240078075;47.625243981782695;0.0;0.0;5.8555627846454135;0.0;12.88223812621991;0.0;21.080026024723487
weaverryan;31.20789733179702;0.0;0.8322105955145872;0.0;0.0;3.9530003286942894;2.4966317865437615;0.0;0.1040263244393234;0.0;1.8724738399078213;8.946263901781812;0.1040263244393234;0.0;4.161052977572936;1.560394866589851;2.288579137665115;0.0;4.369105626451583
mizzy;29.222031066446295;0.0;4.480711430188432;0.0;0.0;2.532576025758679;1.7533218639867778;0.0;1.2662880128793395;0.0;0.09740677022148765;2.240355715094216;0.4870338511074383;0.0;1.4611015533223148;0.29222031066446297;0.3896270808859506;0.0;14.221388452337198
jrburke;239.4899750531276;0.0;1.5965998336875173;0.7982999168437587;0.0;1.5965998336875173;4.789799501062553;0.0;0.0;0.0;5.588099417906311;47.89799501062552;0.0;0.0;59.07419384643815;77.4350919338446;28.738797006375314;0.0;11.97449875265638
derickbailey;34.188530222950895;0.0;3.3048912548852534;0.0;0.0;2.16527358078689;3.6467765571147623;0.0;0.11396176740983632;0.0;1.8233882785573812;4.216585394163944;0.34188530222950897;0.34188530222950897;0.5698088370491816;0.22792353481967265;3.3048912548852534;0.0;14.131259158819704
tenderlove;337.66267602881595;3.3766267602881594;1.1255422534293864;1.1255422534293864;0.0;1.1255422534293864;0.0;0.0;0.0;0.0;31.515183096022824;178.96121829527246;0.0;0.0;34.891809856310985;12.380964787723252;69.78361971262197;0.0;3.3766267602881594
antimatter15;4.499835162288326;0.04499835162288326;0.3299879119011439;0.0;0.0;0.37498626352402714;0.49498186785171583;0.0;0.11999560432768869;0.0;0.1049961537867276;0.1949928570324941;0.029998901081922172;0.014999450540961086;0.059997802163844344;0.0;0.014999450540961086;0.0;2.7149005479139565
fengmk2;39.336201598033185;0.2622413439868879;3.278016799836099;0.2622413439868879;0.0;2.2290514238885475;2.2290514238885475;0.0;0.7867240319606638;1.0489653759475517;2.0979307518951034;8.785085023560745;0.3933620159803319;0.13112067199344396;3.146896127842655;0.0;1.8356894079082156;0.0;12.849825855357508
lloyd;191.81812799715826;0.0;12.148481439820022;0.6393937599905275;0.0;1.9181812799715825;1.9181812799715825;0.0;0.0;4.4757563199336925;30.69090047954532;63.93937599905275;0.6393937599905275;0.0;12.78787519981055;20.46060031969688;30.051506719554794;0.0;12.148481439820022
rkh;219.97233372654517;0.0;16.864545585701798;0.7332411124218173;0.0;17.597786698123613;11.731857798749077;0.0;2.1997233372654517;0.0;9.532134461483624;35.92881450866905;0.7332411124218173;0.7332411124218173;5.1326877869527205;5.865928899374539;34.46233228382541;0.0;78.45679902913444
hsbt;204.08002582494154;7.482934280247857;8.843467785747468;0.0;0.0;3.401333763749026;4.081600516498831;0.0;3.401333763749026;2.7210670109992208;7.482934280247857;58.50294073648325;0.0;0.0;17.00666881874513;2.0408002582494156;61.90427450023227;0.0;27.210670109992208
Constellation;46.796464267144266;0.3119764284476284;5.6155757120573115;0.0;0.0;3.1197642844762843;2.0278467849095847;0.0;1.7158703564619564;0.0;4.055693569819169;5.3035992836096835;0.6239528568952568;0.0;1.5598821422381421;0.0;7.175457854295454;0.0;15.286844993933792
yrashk;146.98210356794522;1.469821035679452;8.328985868850229;0.0;0.0;7.34910517839726;13.228389321115069;0.0;0.0;0.489940345226484;6.369224487944292;16.168031392473974;0.489940345226484;0.979880690452968;8.818926214076713;1.469821035679452;8.818926214076713;0.0;73.00111143874612
jnunemaker;44.01740317699683;0.2934493545133122;2.0541454815931854;0.2934493545133122;0.0;0.8803480635399366;3.3746675769030903;0.0;0.0;0.0;7.042784508319492;10.710901439735895;0.1467246772566561;0.0;2.3475948361064978;0.1467246772566561;6.7493351538061805;0.0;9.977278053452615
tarcieri;43.13364607445546;0.5751152809927395;1.8691246632264034;0.2875576404963697;0.0;0.2875576404963697;0.4313364607445546;0.0;0.0;0.14377882024818486;4.169585787197361;18.978804272760403;0.4313364607445546;0.14377882024818486;2.5880187644673276;2.444239944219143;8.339171574394722;0.0;1.5815670227300336
everzet;19.85371671227966;0.06617905570759887;0.992685835613983;0.13235811141519774;0.0;0.992685835613983;1.1912230027367796;0.0;0.0;0.0;1.3235811141519773;4.169280509578729;0.06617905570759887;0.0;2.3162669497659603;0.7941486684911865;1.9191926155203671;0.0;5.8899359579762995
ricardoquesada;45.90885180048778;0.0;0.15302950600162593;0.0;0.0;0.45908851800487777;0.30605901200325186;0.0;0.0;0.0;1.5302950600162593;16.986275166180477;0.0;0.0;14.231744058151211;3.3666491320357705;7.192386782076419;0.0;1.6833245660178853
derickr;7.358057200378463;0.0;0.02452685733459488;0.0;0.0;0.12263428667297438;0.17168800134216414;0.0;0.0;0.0;0.29432228801513854;2.5507931627978673;0.0;0.0;1.594245726748667;1.2753965813989336;0.9565474360492002;0.0;0.36790286001892314
jmettraux;135.59180171791465;0.9039453447860977;5.423672068716586;3.163808706751342;0.0;27.57033301597598;6.779590085895733;0.0;0.0;0.0;2.259863361965244;5.875644741109635;0.45197267239304884;0.45197267239304884;4.519726723930488;0.0;6.327617413502684;0.0;71.86365491049477
joshaber;107.66668189729296;2.8711115172611454;4.665556215549361;1.0766668189729296;0.0;1.4355557586305727;1.0766668189729296;0.0;0.0;0.0;2.8711115172611454;33.376671388160815;0.0;0.0;9.331112431098722;37.683338664052535;10.766668189729296;0.0;2.5122225776035023
jamesward;53.16923076923077;2.6584615384615384;1.417846153846154;1.417846153846154;0.0;0.5316923076923077;0.708923076923077;0.0;0.0;0.0;6.734769230769231;15.773538461538463;0.0;0.0;11.69723076923077;2.4812307692307694;8.152615384615386;0.0;1.5950769230769233
pquerna;65.33295356873697;1.7422120951663194;5.226636285498958;1.5244355832705294;0.0;0.0;0.43555302379157984;0.0;0.0;1.3066590713747395;5.226636285498958;23.95541630853689;0.0;0.43555302379157984;7.404401404456857;2.613318142749479;12.631037689955816;0.0;2.831094654645269
technomancy;15.76030713141737;0.0;0.0;0.0;0.0;0.6829466423614193;1.7861681415606352;0.0;0.0;0.367740499733072;1.470961998932288;3.257130140492923;0.0;0.0;1.4184276418275634;0.10506871420944913;0.6829466423614193;0.0;5.988916709938601
felixge;29.2914784625138;0.0;0.39055304616685066;0.09763826154171266;0.0;0.585829569250276;2.636233061626242;0.0;0.0;0.0;2.4409565385428165;5.663019169419335;0.0;0.0;1.3669356615839774;0.09763826154171266;4.881913077085633;0.0;11.130761815755244
kaepora;12.224933109523986;0.16299910812698648;0.6927462095396926;0.12224933109523986;0.0;1.3854924190793851;0.44824754734921285;0.0;0.16299910812698648;0.08149955406349324;0.8964950946984257;3.8304790409841822;0.0;0.0;1.1002439798571588;0.24449866219047972;0.7742457636031858;0.0;2.2004879597143177
josh;14.023120836886001;0.0;1.1218496669508802;0.046743736122953336;0.0;1.3555683475656468;1.636030764303367;0.0;0.0;0.0;0.09348747224590667;1.5425432920574602;1.1218496669508802;0.046743736122953336;0.8413872502131601;0.2337186806147667;0.9348747224590668;0.0;5.0483235012789605
mrdoob;39.417916598866434;0.0;1.0511444426364382;0.0;0.0;2.233681940602431;7.7521902644437315;0.0;0.0;0.26278611065910956;3.810398604557088;6.175473600489074;0.0;0.0;0.3941791659886643;0.0;0.0;0.0;17.738062469489893
magnars;17.754385340028673;0.29590642233381126;0.473450275734098;0.0;0.0;0.6509941291343847;0.710175413601147;0.0;0.0;0.0;2.0713449563366786;6.687485144744134;0.0;0.05918128446676225;1.0060818359349581;0.1183625689335245;2.9590642233381126;0.0;2.7223390854710634
tpope;40.67126415138748;0.0;0.0;0.0;0.0;3.9315555346341235;3.6604137736248736;0.0;0.13557088050462493;0.0;2.575846729587874;3.3892720126156237;0.0;0.0;0.27114176100924986;0.0;0.0;0.0;26.707463459411112
jedi4ever;38.242553988837074;0.12747517996279023;0.25495035992558046;0.12747517996279023;0.0;0.12747517996279023;1.5297021595534828;0.0;0.0;0.0;2.4220284192930146;16.06187267531157;0.0;0.0;6.246283818176722;2.4220284192930146;2.5495035992558046;0.0;6.373758998139512
ai;28.12683117390455;0.0;1.2188293508691972;0.0;0.0;0.562536623478091;1.4063415586952275;0.0;1.125073246956182;0.0;1.125073246956182;3.562731948694576;0.18751220782603034;0.18751220782603034;1.4063415586952275;0.0;0.9375610391301517;0.0;16.407318184777655
aslakhellesoy;11.445017333107847;0.9919015022026801;0.1907502888851308;0.07630011555405232;0.0;0.2670504044391831;0.07630011555405232;0.0;0.0;0.41965063554728776;1.2589519066418633;3.891305893256668;0.03815005777702616;0.0;1.1063516755337586;0.15260023110810464;2.708654102168857;0.0;0.2670504044391831
tomas;23.03402139178098;0.0;1.9962818539543514;0.07678007130593659;0.0;1.6123814974246684;1.3052612122009222;0.0;0.9213608556712392;0.0;0.38390035652968296;0.7678007130593659;0.6910206417534294;0.07678007130593659;0.30712028522374635;0.0;3.37832313746121;0.0;11.51701069589049
rwldrn;280.7473598700244;0.0;3.743298131600325;0.0;0.0;0.9358245329000813;3.743298131600325;0.0;0.0;0.0;9.358245329000813;65.50771730300569;0.0;0.9358245329000813;75.80178716490659;56.149471974004875;45.85540211210398;0.0;18.716490658001625
jmathai;8.15437951841342;0.0815437951841342;0.0815437951841342;0.027181265061378065;0.0;0.1630875903682684;0.7338941566572078;0.0;0.0;0.05436253012275613;0.9513442771482323;2.636582710953672;0.0;0.0;0.5708065662889393;0.0;0.6523503614730736;0.0;2.2016824699716233
feross;9.57337891522389;0.0;0.9573378915223889;0.0;0.0;1.5317406264358222;1.1488054698268666;0.0;0.7020477871164185;0.0;0.0319112630507463;0.0319112630507463;0.22337884135522407;0.0;0.0;0.0;0.47866894576119445;0.0;4.467576827104481
straup;18.791841208941783;0.0;1.7539051795012333;0.0;0.0;2.756136710644795;1.941823591590651;0.0;2.3802998864659592;0.0;0.06263947069647262;0.18791841208941784;0.18791841208941784;0.12527894139294524;0.06263947069647262;0.0;0.31319735348236305;0.0;9.020083780292056
bitprophet;3.8456807826791253;0.051275743769055;0.03845680782679125;0.0;0.0;0.256378718845275;0.11537042348037375;0.0;0.0;0.0;0.564033181459605;1.7690131600323975;0.01281893594226375;0.0;0.5383953095750775;0.06409467971131876;0.0;0.0;0.43584382203696753
headius;154.48433700472035;6.694321270204549;3.089686740094407;0.0;0.0;0.5149477900157345;0.5149477900157345;0.0;0.0;0.5149477900157345;14.418538120440566;61.79373480188814;0.0;0.0;20.59791160062938;2.059791160062938;43.2556143613217;0.0;1.029895580031469
daleharvey;13.532958392418202;0.0;0.40598875177254606;0.045109861308060675;0.0;0.22554930654030336;0.6315380583128495;0.0;0.0;0.045109861308060675;1.1728563940095775;4.0147776564174;0.0;0.0;1.939724036246609;0.31576902915642474;2.2554930654030336;0.0;2.481042371943337
rdegges;26.84644393370834;0.0;2.237203661142362;0.0;0.0;2.4161799540337507;3.2215732720450005;0.0;0.5369288786741668;0.0;0.17897629289138894;0.2684644393370834;0.6264170251198613;0.08948814644569447;0.2684644393370834;0.0;0.17897629289138894;0.0;16.82377153179056
josegonzalez;118.18940399162824;0.39396467997209417;10.637046359246542;0.0;0.0;5.9094701995814125;9.45515231933026;0.0;0.0;0.0;2.363788079832565;15.758587198883767;1.1818940399162825;0.0;5.9094701995814125;1.1818940399162825;1.9698233998604708;0.0;63.42831347550716
Raynes;39.19949548797474;0.0;1.5679798195189896;0.0;0.0;1.4373148345590738;2.4826347142384;0.0;0.0;0.0;0.3919949548797474;0.3919949548797474;0.2613299699198316;0.1306649849599158;0.7839899097594948;0.0;4.834604443516884;0.0;26.916986901742654
blakewatters;48.06524411840517;0.1602174803946839;3.0441321274989943;0.1602174803946839;0.0;1.762392284341523;2.4032622059202584;0.0;0.1602174803946839;0.0;6.088264254997989;14.41957323552155;0.3204349607893678;0.1602174803946839;3.204349607893678;0.3204349607893678;4.486089451051149;0.0;11.375441108022557
necolas;37.89146842596911;0.0;0.7578293685193821;0.0;0.0;2.7787076845710676;7.3256838956873604;0.0;0.0;0.0;1.6419636317919946;4.420671316363062;0.12630489475323034;0.0;1.768268526545225;0.0;0.6315244737661517;0.0;18.44051463397163
laruence;25.468469504160733;0.0;0.1697897966944049;0.0;0.0;3.735375527276908;2.3770571537216685;0.0;0.5942642884304171;0.0;0.6791591867776196;4.839009205790539;0.0;0.0;1.6130030685968466;0.08489489834720244;6.791591867776196;0.0;4.5843245107489325
soffes;76.39234779738345;2.037129274596892;2.037129274596892;0.0;0.0;5.602105505141453;6.366028983115287;0.0;0.2546411593246115;0.0;0.7639234779738344;1.018564637298446;0.2546411593246115;0.2546411593246115;1.2732057966230574;0.0;1.7824881152722805;0.0;54.74784925479147
FooBarWidget;2.6669992184210627;0.0;0.0;0.0;0.0;0.16001995310526376;0.32892990360526436;0.0;0.0;0.026669992184210626;0.16001995310526376;0.5245098462894756;0.0;0.0;0.24002992965789563;0.0;0.01777999478947375;0.0;1.209039645684215
jimweirich;4.98381893201298;0.0;0.0;0.0;0.0;0.9635383268558428;0.6146710016149343;0.0;0.0;0.0;0.3654800550142852;0.9967637864025961;0.0;0.0;0.083063648866883;0.0;0.0;0.0;1.9603021132584388
3rd-Eden;75.35497075343342;0.0;6.530764131964229;0.2511832358447781;0.0;3.0141988301373366;4.772481481050783;0.0;2.0094658867582247;0.0;5.274847952740339;14.568627678997128;1.2559161792238902;0.2511832358447781;3.2653820659821147;0.0;4.018931773516449;0.0;30.141988301373367
seancribbs;38.93341664764056;0.1297780554921352;4.931566108701138;1.5573366659056225;0.0;0.1297780554921352;0.2595561109842704;0.0;0.0;0.0;2.076448887874163;10.641800550355086;0.0;0.0;6.74845888559103;1.1680024994292169;10.641800550355086;0.0;0.3893341664764056
harrah;10.372273376631172;0.242019712121394;0.484039424242788;0.06914848917754114;0.0;0.17287122294385285;0.13829697835508228;0.0;0.0;0.0;1.5904152510834464;3.734018415587222;0.0;0.06914848917754114;0.8297818701304938;0.5186136688315586;1.3138212943732817;0.0;1.21009856060697
flyerhzm;18.113448047178824;0.0;1.9924792851896709;0.0;0.0;1.2679413633025178;1.3283195234597804;0.0;0.0;0.0;0.241512640629051;1.0868068828307296;0.30189080078631375;0.1207563203145255;0.6037816015726275;0.0;0.18113448047178826;0.0;10.928446988464557
vojtajina;122.698224852071;0.40899408284023664;0.8179881656804733;0.0;0.0;0.40899408284023664;0.40899408284023664;0.0;0.0;2.0449704142011833;18.813727810650885;76.07289940828402;0.40899408284023664;0.0;12.678816568047337;1.6359763313609466;6.543905325443786;0.0;2.45396449704142
jesusabdullah;114.4037499006912;1.90672916501152;7.62691666004608;0.0;0.0;3.4321124970207357;2.288074998013824;0.0;9.914991658059904;3.4321124970207357;14.491141654087551;38.134583300230396;0.381345833002304;0.0;4.957495829029952;2.669420831016128;13.728449988082943;0.0;11.44037499006912
matz;6.641166160081313;0.022137220533604375;0.1992349848024394;0.1992349848024394;0.0;2.7450153461669426;0.022137220533604375;0.0;0.0;0.0;0.022137220533604375;0.5534305133401094;0.06641166160081313;0.0;1.1289982472138231;0.11068610266802188;1.4831937757514932;0.0;0.0885488821344175
btford;40.53027104618762;0.13510090348729206;1.8914126488220888;0.0;0.0;2.161614455796673;4.4583298150806385;0.0;0.0;0.0;3.1073207802077176;9.457063244110444;0.13510090348729206;0.0;2.5669171662585493;0.0;1.2159081313856286;0.0;15.401502997551296
sjl;5.750946731855897;0.0;0.09584911219759827;0.09584911219759827;0.0;0.5750946731855896;0.939321299536463;0.0;0.0;0.0;0.19169822439519654;0.2875473365927948;0.0;0.0;0.13418875707663758;0.09584911219759827;0.07667928975807863;0.0;3.2588698147183415
alloy;116.21963358532189;0.0;0.7747975572354793;0.38739877861773964;0.0;0.7747975572354793;0.7747975572354793;0.0;0.0;0.0;3.873987786177396;25.955718167388554;0.0;0.0;39.90207419762718;0.0;30.99190228941917;0.0;12.009362137149928
johnmyleswhite;107.74679503167556;4.669027784705941;1.0774679503167557;0.718311966877837;0.0;0.3591559834389185;1.7957799171945927;0.0;0.0;0.0;12.929615403801067;61.41567316805507;0.0;0.0;8.260587619095126;0.718311966877837;13.647927370678904;0.0;2.1549359006335114
audreyt;11.152915420282472;0.0;0.5948221557483985;0.11152915420282472;0.0;0.5576457710141236;0.4461166168112989;0.0;0.0;0.11152915420282472;0.8178804641540479;0.6319985404826733;0.037176384734274905;0.0;0.48329300154557375;0.0;5.7995160185468855;0.0;1.524231774105271
schmittjoh;240.05556841861542;2.400555684186154;0.8001852280620514;3.2007409122482056;0.0;0.8001852280620514;3.2007409122482056;0.0;0.0;1.6003704561241028;23.205371613799493;136.03148877054875;0.0;0.0;30.407038666357952;21.60500115767539;16.00370456124103;0.0;0.8001852280620514
lestrrat;16.077479557348283;0.0;2.7867631232737025;0.0;0.0;1.0718319704898855;1.2326067660633684;0.0;0.2679579926224714;0.0;0.5359159852449428;1.8221143498328054;0.3215495911469657;0.0;1.2326067660633684;0.05359159852449428;1.5005647586858397;0.0;5.251976655400439
darwin;241.87452758881332;2.418745275888133;11.287477954144622;0.0;0.0;14.512471655328799;10.481229528848576;0.0;0.8062484252960443;0.0;12.89997480473671;42.73116654069035;0.0;0.0;8.062484252960443;0.0;9.674981103552533;0.0;128.9997480473671
bnoordhuis;64.03573352043362;0.6403573352043362;1.7076195605448965;0.0;0.0;0.4269048901362241;0.0;0.0;0.0;1.2807146704086725;3.628691566157905;20.91833961667498;0.21345244506811206;0.21345244506811206;3.628691566157905;2.1345244506811207;27.535365413786455;0.0;1.7076195605448965
jzaefferer;27.110106568239132;0.09036702189413044;0.4518351094706522;0.18073404378826088;0.0;0.4518351094706522;2.259175547353261;0.0;0.0;0.0;1.8073404378826088;6.777526642059783;0.0;0.0;2.4399095911415216;4.247250029024131;3.2532127881886956;0.0;5.150920247965435
SamSaffron;42.51577939034472;0.2834385292689648;0.0;0.4251577939034472;0.0;0.4251577939034472;0.7085963231724121;0.0;0.0;0.0;1.2754733817103416;15.163961315889617;0.0;0.0;8.786594407337908;0.0;11.479260435393075;0.0;3.968139409765507
mxcl;24.733839270122726;0.0;0.08244613090040909;0.0;0.0;1.0717997017053182;9.233966660845818;0.0;0.0;0.0;0.0;0.24733839270122726;0.08244613090040909;0.0;0.24733839270122726;0.0;0.16489226180081817;0.0;13.603611598567499
robashton;13.823093205085746;0.0;1.797002116661147;0.0;0.0;1.797002116661147;0.7833086149548589;0.0;2.1656179354634335;0.0;0.04607697735028582;0.0;0.09215395470057164;0.0;0.0;0.0;0.0;0.0;7.141931489294302
geemus;25.812670914338185;0.08604223638112728;0.6022956546678909;0.17208447276225455;0.0;2.4091826186715637;1.0325068365735273;0.0;0.0;0.0;1.548760254860291;11.357575202308801;0.6883378910490182;0.4302111819056364;2.495224855052691;1.3766757820980364;0.8604223638112728;0.0;2.753351564196073
mdo;61.35419502207283;0.0;0.0;0.0;0.0;4.908335601765827;0.40902796681381887;0.0;0.0;0.0;6.953475435834921;27.200359793118956;0.0;0.0;10.021185186938563;2.4541678008829133;3.68125170132437;0.0;5.726391535393464
levey;7.430949791205219;0.0;0.47062682010966383;0.0;0.0;0.916483807581977;0.9412536402193277;0.0;0.0;0.0;0.02476983263735073;0.0;0.07430949791205219;0.0;0.02476983263735073;0.0;0.0;0.0;4.978736360107496
indirect;23.3428133493515;0.15561875566234332;0.5446656448182016;0.0;0.0;0.233428133493515;0.31123751132468663;0.0;0.15561875566234332;0.07780937783117166;3.8904688915585828;11.437978541182234;0.15561875566234332;0.0;2.4120907127663216;0.15561875566234332;2.8789469797533513;0.0;0.93371253397406
mathiasbynens;55.9363292647135;0.5593632926471349;1.3051810161766482;0.0;0.0;3.1697253250004316;9.136267113236539;0.0;0.0;0.0;3.7290886176475664;12.30599243823697;0.3729088617647566;0.0;2.0509987397061615;0.0;2.2374531705885397;0.0;21.06935068970875
kriskowal;39.0643838919701;0.13021461297323367;0.6510730648661683;0.0;0.0;1.0417169037858693;3.2553653243308416;0.0;0.9115022908126357;1.8230045816252713;2.0834338075717387;7.292018326501085;0.13021461297323367;0.0;0.6510730648661683;1.0417169037858693;1.6927899686520376;0.0;18.360260429225946
dennisreimann;37.151063793192414;0.8668581551744896;0.6191843965532069;0.0;0.0;1.4860425517276965;2.105226948280903;0.0;0.0;0.0;5.077312051736296;12.259851051753497;0.12383687931064137;0.12383687931064137;3.219758862076676;1.1145319137957723;2.4767375862128276;0.0;7.677886517259766
marcuswestin;33.04179557683556;0.11013931858945188;1.76222909743123;0.0;0.0;3.414318876273008;1.9825077346101336;0.0;0.881114548715615;0.6608359115367113;2.2027863717890375;8.81114548715615;0.33041795576835564;0.0;1.5419504602523262;0.0;1.9825077346101336;0.0;9.36184208010341
mmcgrana;15.584368733860229;0.0;1.8701242480632274;0.0;0.0;0.8831142282520796;1.7142805607246252;0.0;0.2077915831181364;0.0;0.0;0.0;0.7272705409134773;0.36363527045673866;0.0;0.0;0.0;0.0;9.818152302331944
thomasdavis;34.95202187737666;0.0;0.46602695836502206;0.0;0.0;1.5145876146863217;4.543762844058965;0.0;0.0;0.0;1.5145876146863217;6.8738976358840755;0.11650673959125551;0.0;8.271978510979142;0.0;5.825336979562776;0.0;5.825336979562776
darkwing;29.88116702557883;0.0;0.49801945042631385;0.09960389008526277;0.0;1.3944544611936787;0.7968311206821022;0.0;2.8885128124726203;0.0;1.0956427909378905;6.773064525797868;0.09960389008526277;0.0;2.988116702557883;1.4940583512789416;5.37861006460419;0.0;6.374648965456817
csswizardry;19.838323784099032;0.0;0.06612774594699677;0.0;0.0;1.9177046324629066;2.578982091932874;0.0;0.0;0.0;0.7274052054169645;2.975748567614855;0.0;0.0;1.0580439351519484;0.0;0.19838323784099032;0.0;10.315928367731496
vrana;3.40751022088738;0.022716734805915868;0.09086693922366347;0.0;0.0;0.2953175524769063;0.5338432679390229;0.0;0.0;0.0;0.045433469611831735;0.24988408286507455;0.0;0.0;0.1930922458502849;0.0;0.0;0.0;1.9763559281146805
zenspider;8.039328195028148;0.1071910426003753;0.18758432455065677;0.0;0.0;0.2947753671510321;0.18758432455065677;0.0;0.1071910426003753;0.0;1.0987081866538468;3.2961245599615405;0.1071910426003753;0.0;1.0987081866538468;0.0;0.37516864910131353;0.0;1.1791014686041283
parndt;130.13354754493423;0.0;8.241791344512501;3.904006426348027;0.0;0.8675569836328948;2.6026709508986845;0.0;0.0;0.0;8.675569836328949;41.208956722562505;0.0;0.0;12.145797770860527;7.374234360879607;42.944070689828294;0.0;2.168892459082237
sergeche;10.486081668452105;0.0;0.0;0.0;0.0;0.24467523893054913;0.9787009557221965;0.0;0.0;0.0;1.3282370113372668;2.6564740226745336;0.0;0.0;0.1747680278075351;0.0;0.0;0.0;5.103226411980025
mde;11.94950779737655;0.0;0.3983169265792183;0.07966338531584366;0.0;0.27882184860545284;0.6373070825267493;0.0;0.0;0.03983169265792183;1.672931091632717;3.345862183265434;0.07966338531584366;0.03983169265792183;1.0356240091059676;0.0;1.0754557017638895;0.0;3.26619879794959
ingydotnet;21.899623346755863;0.3649937224459311;2.773952290589076;0.07299874448918621;0.0;0.21899623346755864;1.386976145294538;0.0;0.14599748897837242;0.0;0.14599748897837242;0.4379924669351173;0.14599748897837242;0.0;0.6569887004026759;0.0;13.504767730499449;0.0;2.043964845697214
happypeter;8.08108017104953;0.0;2.532071786928853;0.0808108017104953;0.0;0.7003602814909593;0.4309909424559749;0.0;0.0;0.026936933903498432;0.9966665544294421;1.4007205629819186;0.026936933903498432;0.026936933903498432;0.35018014074547965;0.0;0.6464864136839624;0.0;0.8619818849119498
cpw;59.444224025832554;0.3962948268388837;0.0;0.0;0.0;0.9907370670972092;0.7925896536777673;0.0;0.0;0.0;11.294402564908186;30.3165542531746;0.0;0.0;4.557390508647162;2.3777689610333024;7.133306883099906;0.0;1.5851793073555347
ddollar;13.800381107746794;0.0;0.32200889251409187;0.0;0.0;0.2300063517957799;0.9660266775422756;0.0;0.0;0.0;1.6100444625704593;4.554125765556442;0.0;0.0;0.7360203257464957;0.0;0.9660266775422756;0.0;4.4161219544789745
codahale;10.032489474014227;0.0;0.0;0.0;0.0;0.7691575263410908;2.0399395263828928;0.0;0.0;0.0;0.4347412105406165;1.2373403684617548;0.0;0.0;0.7357158947610434;0.0;0.0;0.0;4.815594947526829
ebidel;18.859783476297576;0.0;0.6286594492099191;0.25146377968396766;0.0;0.6915253941309111;0.3771956695259515;0.0;0.0;1.1315870085778545;2.0117102374717413;4.463482089390426;0.0;0.12573188984198383;2.5775037417606685;0.0;5.720800987810264;0.0;0.8801232288938868
pgte;66.35774813752849;0.6635774813752848;2.875502419292901;0.0;0.0;1.9907324441258545;1.3271549627505697;0.0;6.635774813752849;1.1059624689588081;5.087427357210517;24.109981823302014;0.6635774813752848;0.22119249379176162;4.645042369626994;1.769539950334093;7.299352295128133;0.0;7.962929776503418
jtauber;288.46153846153845;0.0;18.26923076923077;8.653846153846153;0.0;0.0;0.9615384615384615;0.0;0.0;25.0;0.0;50.96153846153846;0.0;0.0;31.73076923076923;23.076923076923077;126.92307692307692;0.0;2.8846153846153846
obviousjim;101.85076034421785;3.3950253448072614;3.3950253448072614;2.037015206884357;0.0;0.0;0.6790050689614523;0.0;0.0;0.0;13.24059884474832;57.37592832724272;0.0;0.0;12.222091241306142;1.0185076034421785;8.148060827537428;0.0;0.33950253448072615
loopj;18.131947694367554;0.0;0.4835186051831348;0.18131947694367556;0.0;0.4835186051831348;4.5934267492397804;0.0;0.0;0.0;0.846157559070486;2.5384726772114576;0.06043982564789185;0.0;1.1483566873099451;0.0;0.7857177334225941;0.0;7.011019775155455
guille;151.74311389514972;0.0;16.69174252846647;0.0;0.0;14.162690630213975;10.622017972660482;0.0;11.12782835231098;0.0;4.046483037203993;9.104586833708984;3.5406726575534937;3.034862277902995;2.5290518982524954;0.5058103796504991;2.0232415186019965;0.0;74.35412580862337
roidrage;97.48318866306622;0.6498879244204414;5.8489913197839725;2.5995516976817656;0.0;0.0;0.9748318866306621;0.0;0.0;0.0;8.123599055255518;23.39596527913589;0.0;0.0;5.524047357573752;4.54921547094309;40.29305131406737;0.0;5.524047357573752
solnic;40.49354634105189;1.6197418536420758;4.589268585319214;0.1349784878035063;0.0;2.0246773170525945;3.2394837072841516;0.0;0.2699569756070126;0.0;0.5399139512140252;3.6444191706946705;1.8896988292490884;0.0;0.2699569756070126;0.0;5.264161024336746;0.0;17.007289463241793
kylemcdonald;108.00765054191339;3.6002550180637796;2.880204014451024;2.160153010838268;0.0;0.720051003612756;1.440102007225512;0.0;0.0;0.0;13.320943566835984;55.803952779988585;0.0;0.0;13.320943566835984;1.080076505419134;12.240867061416852;0.0;1.440102007225512
ianstormtaylor;25.538933572169658;0.08512977857389886;0.6810382285911909;0.08512977857389886;0.0;4.51187826441664;0.34051911429559545;0.0;0.0;2.8092826929386625;3.4903209215298534;8.17245874309429;0.08512977857389886;0.0;1.7025955714779772;0.0;1.8728551286257749;0.0;1.7025955714779772
saberma;35.12295065306736;0.0;0.4683060087075648;0.0;0.0;1.6390710304764768;3.980601074014301;0.0;0.0;0.0;1.6390710304764768;7.258743134967254;0.0;0.0;3.629371567483627;0.1170765021768912;1.6390710304764768;0.0;14.75163927428829
pengwynn;94.66902365264649;0.0;10.413592601791114;0.9466902365264649;0.0;4.733451182632325;7.257958480036232;0.0;0.9466902365264649;0.0;1.2622536487019533;8.835775540913673;0.9466902365264649;0.0;8.520212128738185;5.049014594807813;14.83148037224795;0.0;30.609650981022366
michael;38.57579130973146;0.25717194206487637;1.2858597103243818;0.12858597103243818;0.0;2.700305391681202;2.057375536519011;0.0;0.3857579130973146;0.0;4.500508986135337;6.172126609557034;0.6429298551621909;0.12858597103243818;0.5143438841297527;0.0;8.229502146076044;0.0;11.572737392919437
michaelficarra;146.03475086201067;2.9206950172402135;9.24886755459401;0.9735650057467379;0.0;5.3546075316070585;2.9206950172402135;0.0;3.8942600229869515;4.3810425258603205;17.524170103441282;48.678250287336894;0.0;0.0;9.735650057467378;0.0;12.656345074707593;0.0;27.746602663782028
tyru;193.52960062120613;0.0;23.223552074544735;0.0;0.0;8.3862826935856;15.48236804969649;0.0;7.096085356110891;0.0;6.450986687373537;18.062762724645903;0.6450986687373538;1.9352960062120612;0.6450986687373538;0.0;7.096085356110891;0.0;104.5059843354513
yuvipanda;50.388018848851495;0.5038801884885149;2.6873610052720798;0.0;0.0;0.8398003141475249;0.5038801884885149;0.0;0.0;0.0;0.33592012565900997;2.3514408796130697;0.16796006282950499;0.0;3.0232811309310894;0.16796006282950499;35.10365313136654;0.0;4.702881759226139
schneems;14.97323361190557;0.049910778706351897;0.34937545094446326;0.1497323361190557;0.0;1.0980371315397417;5.240631764166949;0.0;0.0;0.0;0.2994646722381114;1.6470556973096127;0.0;0.09982155741270379;0.5989293444762228;0.09982155741270379;2.6951820501430026;0.0;2.6452712714366506
chrisbanes;29.596744358120606;0.0;0.0;0.0;0.0;1.874460476014305;8.28708842027377;0.0;0.0;0.0;1.4798372179060302;1.6771488469601676;0.0;0.0;0.5919348871624122;0.0;0.0;0.0;15.686274509803921
stof;266.9797911130338;3.559730548173784;2.669797911130338;0.889932637043446;0.0;1.779865274086892;2.669797911130338;0.0;0.0;0.0;29.367777022433717;136.15969346764723;0.889932637043446;0.0;41.82683394104196;19.57851801495581;20.46845065199926;0.0;7.119461096347568
jaspervdj;12.09045451153071;0.0806030300768714;1.4105530263452497;0.0403015150384357;0.0;1.2493469661915069;1.4911560564221211;0.0;0.0806030300768714;0.20150757519217852;0.3627136353459213;0.7254272706918427;0.1612060601537428;0.0403015150384357;0.44331666542279274;0.0;0.40301515038435703;0.0;5.400403015150384
freexperia;4.591724479524841;0.16836323091591085;0.04591724479524841;0.015305748265082804;0.0;0.3367264618318217;0.07652874132541403;0.0;0.0;0.0;0.030611496530165608;0.15305748265082805;0.061222993060331216;0.0;0.24489197224132486;0.0;3.4131818631134654;0.0;0.04591724479524841
wesm;292.86150091519215;0.9762050030506406;0.9762050030506406;0.0;0.0;0.0;0.9762050030506406;0.0;0.0;0.0;19.524100061012813;230.3843807199512;0.0;0.0;10.738255033557047;8.785845027455766;18.547895057962172;0.0;1.9524100061012812
ariya;36.14896385522005;0.0;0.0;0.0;0.0;1.6869516465769356;4.337875662626406;0.0;0.0;0.722979277104401;2.5304274698654035;9.760220240909414;0.0;0.0;0.3614896385522005;0.0;0.0;0.0;16.74901991958529
astaxie;20.794357284282608;0.13862904856188407;0.27725809712376814;0.0;0.0;1.4556050098997826;6.446250758127609;0.0;0.0;0.0;0.6238307185284783;1.1783469127760144;0.0;0.0;1.3169759613378986;0.0;0.4852016699665942;0.0;8.87225910796058
cyanogen;99.19366874978475;0.0;42.322631999908154;0.0;0.0;0.6612911249985649;0.6612911249985649;0.0;0.0;0.0;0.0;1.983873374995695;0.0;0.0;1.6532278124964124;0.0;51.58070774988806;0.0;0.33064556249928245
sebastianbergmann;13.641092950470519;0.13641092950470518;0.0;0.0;0.0;0.9548765065329362;2.000693632735676;0.0;0.0;0.0;1.5459905343866587;2.3189858015799882;0.0;0.0;1.000346816367838;0.0;1.182228055707445;0.0;4.501560673655271
yinwang0;17.13080213394807;0.39971871645878826;0.0;0.0;0.0;3.5974684481290944;2.626722993872037;0.0;0.0;0.2284106951193076;0.4568213902386152;0.34261604267896134;0.0571026737798269;0.0;0.1142053475596538;0.0;0.17130802133948067;0.0;9.136427804772303
